formula,target
B1C7,-11.80020095342182
B1C2N1,-11.713501831548156
Be1C1N2,-11.266432641968539
C11N4,-11.265901337995482
C1H1N1,-11.111950422134928
Os0.67W1.33,-11.046446791086295
B2Be1C2,-11.046152047244778
Re3Ru1,-11.04287183697445
C1Re2,-11.02405101497424
C1H1,-11.015112135085225
B9Li1,-10.989949950958387
Ir1W1,-10.972789613544116
C6Cr3W20,-10.945914233720327
Ir3W1,-10.944689792360366
Ta1Tc1,-10.903181632716066
Re2Zr1,-10.894167834664936
Ir3Mo1,-10.892988966941079
B12Sc1,-10.892348977245119
Ir1Mo1,-10.87911436175683
P1W3,-10.866455931515983
Fe2Re3,-10.859075400482192
Co1Ge1Ta1,-10.854752825326187
B2Tc1,-10.853929867341174
N1Tc3,-10.848836412010296
B4Mn1,-10.836451513385157
Be1N2Si1,-10.836131268573055
B2Mo3,-10.827089949605675
B1W1,-10.82623407827647
B1Mo1,-10.825137620028187
B3Nb2,-10.823485146341609
B1Tc3,-10.82316400951449
B4Nb3,-10.821695120367062
B2Mo2Nb1,-10.818534058780122
C3Nb4,-10.81765054964422
B3C1Nb3,-10.817386147851732
B2C2Sc1,-10.817146749936343
B1Os1,-10.813478171861803
B3Co1W3,-10.808353793140954
Hf1Os1,-10.807548375552653
N1Tc2,-10.800618020247876
Re1Si1Ta1,-10.799539477744352
B2Mo2Os1,-10.799416989668414
B4Ti3,-10.798427835999632
C2Os1,-10.796462228595695
C2Re1,-10.794437101699184
Re5Si3,-10.79382792652787
N3Nb4,-10.785545954114548
Re2Sc1,-10.78109617781794
B3Ni1W3,-10.778386852050533
B8Nb7Ru6,-10.777236170144613
Ir3Pa1,-10.77630700235341
C60K6,-10.774671084511517
C1Ru3Ta1,-10.772894698511433
C1Nb1Ru3,-10.770021920495525
Dy1Re2,-10.769479734617125
C3Nb4Si1,-10.76856724340545
B2Mo2Ru1,-10.766171168972463
Re2Tb1,-10.763861196251922
B6Ta5,-10.76068424510258
Os1Zr1,-10.760099992575794
Ir1Si1Ta1,-10.75688330064063
B3Os2,-10.756305956454714
B2W1,-10.755644532680797
Cr1N1Nb1,-10.754861709743953
B2Ir1Mo2,-10.754814853559632
Re2Y1,-10.753906277759848
Mo3Ti1,-10.752914344156776
Si3Tc5,-10.746894990440273
B1Ir6Zr2,-10.74610504959829
C1Nb2P1,-10.743460968939589
Pt2W1,-10.741221295254736
C1Cr3Nb3,-10.739300286873743
Si2W3,-10.733036527098106
C1Ru3Zr1,-10.732349078056833
Ir1Nb1Si1,-10.731625475768354
B2Hf3Ir5,-10.7265794227795
Hf1Ru3,-10.72652476353433
C60Rb6,-10.724618115857083
Fe1P1Ta4,-10.72420450298828
Mo1Rh1,-10.721536043664504
Hf1Re1Si1,-10.721019512387018
Mo3N1Pt2,-10.720150167600858
Co1P1Ta4,-10.719951049151877
B1Nb1O4,-10.716666795919144
Rh3W1,-10.715107506566904
Al1C3V4,-10.714877874584912
Ba6C60,-10.714022846744419
Be1Ta2,-10.713492197225966
P1Ru1Ta1,-10.713420266423366
N1Ni2W3,-10.71196477979139
B7Mo3Y1,-10.711789725086348
C1Ru3V1,-10.71169547755186
Re1Si1Zr1,-10.711013569618894
C1Co2Ta4,-10.71040831735594
B2C1Sc1,-10.709592927043477
N1Os1,-10.709319785579128
B4Os3Sc1,-10.706592466451191
Nb1P1Ru1,-10.702573193509577
N4W3,-10.70139098691242
B12Tb1,-10.70017468476445
Al1Nb1Ru2,-10.699505018618986
B12Dy1,-10.697211155244906
Ni1P1Ta4,-10.696923686449875
Co2N1Ta4,-10.695518490529688
Mo8P5,-10.69534187605214
C1Nb4Rh2,-10.695191778267567
Co1Nb4Si1,-10.694834283113115
B12Ho1,-10.692841714907136
Hf1Os1Si1,-10.692251759973146
Os1Si1Zr1,-10.692194544055662
Be1Mo3,-10.687781193224465
C1Mo4Ni2,-10.686450037418437
C1Ni2Ta4,-10.685544638423384
B12Er1,-10.682680758006175
Pt2Ta1,-10.680346831423336
N3Ta1Th1,-10.677111868452986
Ru3Zr1,-10.675920394068457
Nb3Si2,-10.675760194901583
Nb4Ni1Si1,-10.675591364097786
Re1Si1Ti1,-10.67419419324915
Ir2Si1,-10.674138001210682
Fe1Nb4P1,-10.67374906598078
Al1Tc2,-10.671871341920616
N4Zr3,-10.670548262616528
Os1P1Zr1,-10.67031571949811
C8Cs1,-10.666387893529434
B2Ir3Th1,-10.665920504616908
Ru3Ti1,-10.665461904026406
Mo3Zr1,-10.665123445978049
N1Os2Zr4,-10.662454074133366
Ge3W5,-10.661745151068802
Au1S1Ta5,-10.66133966807966
Mo4N1Ni2,-10.659229544461969
As1C1Nb2,-10.658965559652335
Os3Zr1,-10.658395249796905
O2W1,-10.657514887558193
N3Ta2Zr1,-10.655684345890649
Hf2Ir1,-10.655417052993322
B12Hf1,-10.654810605548
N1V2,-10.654166393054277
C1Os2Zr4,-10.65314159453651
O1Ta4,-10.652862286203689
Rh1Si1Ta1,-10.652705738379067
Au1Ta3,-10.65160636322077
Mg1Mo1N2,-10.65132748330212
N2W1,-10.649078162319409
Ir2P1,-10.64890956166231
Mo3Si2,-10.64786908185253
Hf1Os3,-10.646245233649408
Nb1Ru3,-10.645547704806042
B1P1,-10.64392761874664
Nb4Ni1P1,-10.643403541582103
Hf1Ir1Si1,-10.642197112173164
Fe1Nb1P1,-10.641079950233783
Al0.4C0.2Nb0.6,-10.639867965648977
C1Ga1Ta2,-10.639817846197607
Al0.4C0.2Ta0.6,-10.638394667344304
N1Nb4Ni2,-10.63831542952864
N1Re2Zr4,-10.638115277746206
Re1Ti2,-10.638031892992226
B2Ir1V2,-10.635858006252631
B2Nb1Ni1,-10.635487833827082
Mo1P1Zr1,-10.634835166911376
Hf1Mo1P1,-10.632846537558734
C1Nb2S1,-10.631694196271914
N1Pa1,-10.631661055019752
Nb1Rh1Si1,-10.630808045833378
Os3Ti1,-10.63046042558017
C1Ru3Sc1,-10.630456287971583
Mo1Si1Zr1,-10.630141879801
B12Ni1,-10.626240696449685
B4Th1W1,-10.626129457390652
Hf1Mo1Si1,-10.625021862014966
Hf5Ir3,-10.623294980210234
Nb1Pt1,-10.62084546181113
Sn1Ta3,-10.620284189962614
C2W1Y1,-10.620054855645416
Ge1Ir1Nb1,-10.619661833422319
Nb4O5,-10.619494027242157
Hf1Tc1,-10.618361049496247
B4Re1Th1,-10.617911486382276
Ge1Hf1Os1,-10.617866541184764
B4Ir3Zr1,-10.617270187096157
Mn1Nb1P1,-10.617070120542738
Ir2N1Zr4,-10.615532170200536
S2Ta3,-10.615018687185135
Cu1Nb4Si1,-10.61202455117236
Ge1Os1Zr1,-10.605869240212195
Nb1P1V1,-10.60561089860242
P1Ru1Zr1,-10.605150892864412
Mo1P1Rh1,-10.604142848586395
Al2B1Re3,-10.603961508482534
C1Co2Mo4,-10.603486150545177
Be2Ta3,-10.600297432597976
Dy1Os2,-10.598957428465718
Co1N3,-10.596170840710785
Ir3Sc1,-10.594038107248807
Nb1P1Zr1,-10.593862579068105
N1Ru2Zr4,-10.592881784226766
B1Ge3Ta5,-10.591567592763054
Ir1Zr2,-10.591090132840723
Ru3Si2Th1,-10.589933238356817
N2U1,-10.589289773474947
C3Ir5,-10.58836898867904
C1Ge3Mo5,-10.587282600930049
Ba1Nb7O9,-10.587159762733554
C1Ir1,-10.585465343616708
Er1Ir2,-10.585465343616708
O2Ta1,-10.585275494229984
Hf1Ru1Si1,-10.584457181371398
Nb1Pt3,-10.583264514157902
C1Fe6W6,-10.58280283636528
B6Re1Y2,-10.581951067710921
Os2Si2Y1,-10.58071020414713
Nb5P1Si3,-10.580422858568797
Al0.4C0.2Mo0.6,-10.57972648655999
B1Ge3Nb5,-10.577361657752487
Ru1Sb1Ta1,-10.576385146877387
Hf1Nb1P1,-10.576161742308422
Hf2Rh1,-10.575679828749685
P7Ru12Sc2,-10.57439194815274
B1Ir3Sc1,-10.573883515990103
Hf1P1Ru1,-10.573652851264168
Os2Si2Tb1,-10.572375385082951
C2Pu1W1,-10.572301209360631
Os2Y1,-10.572043589068096
P3Tc2,-10.569509958659436
Ir3Zr5,-10.56947881547084
B4Mo1U1,-10.569225813011473
N3V2,-10.56890673196218
P1Rh1Ta1,-10.568090037119521
B2Ce1Ir3,-10.567452700852558
C1Ti2,-10.565760291832843
Pd1Ta1,-10.565527615550426
P1Ru1Ti1,-10.564175287422248
B6Os1Y2,-10.563540440499676
C1Pu1Ru3,-10.56282865264429
Ge2Os2Th1,-10.561518586006795
B6Ru1Y2,-10.56123670170492
La1Os2Si2,-10.55769482859662
N4Ta2,-10.557014099921465
Ag1Mn3N1,-10.555899782364019
N1P1V3,-10.555343088878503
Nb1Pt1Si1,-10.555247138557668
Hf1Pt1,-10.554805885622413
Co2S6Ta9,-10.553985289378716
Nb1Ru1Sb1,-10.551175825691992
C2Ge1Ti3,-10.548827909390296
Ru1Si1Ti1,-10.54808459773125
Ge1Rh1Ta1,-10.547041082284695
Fe1P1V1,-10.546534950660643
N2Ta1,-10.546477884218168
Ge1Hf1Ir1,-10.545249842903546
Al3B2Ru4,-10.544175119123711
Al1Re1,-10.543734929835212
C1Hf2S1,-10.53952120915255
Hf1Rh1,-10.53804134931813
Be2Nb3,-10.536473277348014
Ru1V3Zr2,-10.535614895270127
Ir1Zr3,-10.534110739757715
Ni4P4Ta5,-10.533975476670804
N1Pt2Zr4,-10.533464647839937
C2Gd1Mo1,-10.53049499459153
Ge1Ir1Zr1,-10.526332852069398
C1Nb3Ni3,-10.525878084645273
C1Nb4Zn2,-10.52530805372522
Ir7Sc4Si6,-10.52444803397739
Hf1Rh1Si1,-10.524053640315318
Ba1Nb4O6,-10.523637091416868
Al3C4Hf2,-10.520692729520915
N1Rh2Zr4,-10.519510742274003
C3Nb8Zn4,-10.518130438943249
Ge1Nb1Rh1,-10.516977330412201
Hf1O4Si1,-10.515567319843441
B2Os1Tb1,-10.514977329745536
P1V1Zr1,-10.514671409448287
Nb3Te1,-10.514594022759864
Ni1O6Ta2,-10.51451295741378
Si1Tc1,-10.514339794369288
B2Dy1Os1,-10.514207179122762
O6Ta2V1,-10.513816802994091
Al3Os2,-10.513713710210496
Hf3Rh5,-10.512771640089081
Pt1Zr1,-10.511797384260694
C2Re1Y2,-10.509503363305868
Cr1Rh3,-10.50949603087931
P1Rh1Zr1,-10.509488698506518
Hf1N2,-10.50947036780975
C1Nb4Ni2,-10.508554261125527
B1Hf1Rh3,-10.507525558024296
As4Mo5,-10.507028060135719
B1Fe1W1,-10.5028311421725
N2S1Zr2,-10.502823858506485
B1Rh3Zr1,-10.500063530533442
Pa1Pt5,-10.499504392607873
Hf1Pt1Si1,-10.498999984469313
Ge2N4Si1,-10.498213035451643
Al2Hf6Pt1,-10.49623208738949
C2Er2Re1,-10.49559915651877
B1Rh6Ti2,-10.49179555331018
Hf1P1V1,-10.491327418853416
H1Ta2,-10.490539287565376
N3Rh1,-10.487844904260012
Hf1Ir1Sn1,-10.486493264429322
P1Ru1,-10.485762634156607
Rh1Ti2,-10.484367325030307
Bi1Nb3,-10.483741857025835
Co1Ta1,-10.483163200849322
Co2Si3Zr3,-10.482431430378409
Nb2O6Zn1,-10.481265274441418
C2Co1Sc1,-10.481033631683406
Al2Os1,-10.480937426616887
Cr1O4P1,-10.48082341778108
C2Dy2Re1,-10.479669809780125
Mn2Sn1W1,-10.479082835261089
B7Mn1Y3,-10.478442892123082
N2S1Th2,-10.478030701216005
Hf1Si1V1,-10.47744823830491
Ge2Ir2Th1,-10.476961928622556
Ru2Si2Y1,-10.4764971382577
B2C2Tb1,-10.474958840006598
C1Ge1V2,-10.474792392023865
Os1V1,-10.474643674710418
B1Rh1,-10.473263783396714
Ni1P1Ta1,-10.472995103039874
Nb3Tl1,-10.472362575186677
Ge6Os7Sc4,-10.471352773671612
Pt1Zr2,-10.4707459711143
Rh1Zr1,-10.47048149221553
C2Sn1Ti3,-10.470153635496553
Fe1Si1Zr1,-10.469610969230029
B2C2Gd1,-10.469526424380698
N2Se1Zr2,-10.467053130632834
Co1Si1V1,-10.466940693702806
S1Ta1,-10.466852861146734
Be2Re1,-10.465585418279694
Hf1P1,-10.465578400908191
P2Ru2Y1,-10.462705419652542
Nb5O9Sr2,-10.462338133317235
C2Cr1Sc1,-10.461918542621797
C1Ce1,-10.461901063496242
N2Se1Th2,-10.459948821203351
B1Hf1,-10.45981973740162
Al2B2Ru3,-10.456100914780766
Nb1Pd1Si1,-10.45442361848024
P1Zr1,-10.453989993455016
Mo1O2,-10.452981242193033
Ca2O7Ta2,-10.452555168558986
Al3C3Y1,-10.452368169171384
Ga4Nb5,-10.451475209990887
Er1P2Ru2,-10.450230551488918
Ge2Ir3La1,-10.450144174369818
Ho1P2Ru2,-10.449398186609484
Ge2Ru2Th1,-10.449308429299382
Fe1V3,-10.44869070330505
Lu1Ru2Si2,-10.447966482931083
C2Co1Th1,-10.447597677013599
Nb5P4Pd4,-10.44626490597886
Ge1Nb1Pt1,-10.445693770332383
Mo1Ni1P1,-10.444927034919955
Ir2Mg1,-10.444030391090267
Ga3Hf3Nb2,-10.443796914694357
Cr1Ge1Nb1,-10.442990467188986
Hf2Pd1,-10.442455482248398
Pa1Rh3,-10.44193449002065
Al1Fe2V1,-10.441475419254024
Al16Hf6Os7,-10.440900165424535
Fe1Nb1Sb1,-10.439678848679753
B1C2Sc2,-10.439220812008303
Ce1Os4P12,-10.437858197627309
Er4Ge6Os7,-10.43606129483972
Mo1Pt2Si3,-10.435053443044806
Co1P2W1,-10.434903713918127
N2Te1Th2,-10.434856077533448
Au2Nb3,-10.43445806216208
Al16Os7Zr6,-10.433506189450767
N2Sb1Th2,-10.431242335963546
Al3Hf5N1,-10.431171143368903
Ce1Pt3,-10.429433582324581
Os1Si3Th1,-10.426989853595904
O7Y2Zr2,-10.426699571953167
Bi1N2Th2,-10.426544339610535
Al1Ir1Th1,-10.425620193705106
C1Ge1Ti2,-10.425394346312936
La1P2Ru2,-10.424158146039296
Hf1Ru1Sb1,-10.423989844604298
C1Rh3Sc1,-10.423905704507622
B4Dy1Rh4,-10.423676879255085
Ir1Lu1Si1,-10.423222748932062
Ru1Sc1Si1,-10.422987355117126
B4Ho1Rh4,-10.422916747776286
Ge1Hf1Rh1,-10.422788994783161
Ga2Hf6Ni1,-10.422281505951307
Hf2O7Y2,-10.4218380842063
B4Rh4Tb1,-10.420710260752221
Ir1Si1Y1,-10.420415088493586
N2Re1,-10.419724457578171
B6K1,-10.418930486357281
La1Os4P12,-10.418779803512573
Mo1Pt3,-10.417815970596024
Ge6Ir7Sc4,-10.41670603691093
Nd1Os4P12,-10.415844347947349
Hf2S1,-10.415046778655869
Mo1Ni1P2,-10.414819971367713
Ge1Os1Sc1,-10.414809966348528
B4In5Ir9,-10.413829959736717
Co2N1Zr4,-10.41374667013038
Ho1Ir1Si1,-10.413673381014778
Ge1Hf1V1,-10.413450215426652
Mn3Nb6O11,-10.412960757898963
Al3C1Zr5,-10.412062377917
Dy1Rh3Si2,-10.411330960863653
O7P2Th1,-10.410576831805407
Ge1Rh1Zr1,-10.409892959868627
B1Co1Re1,-10.409683907918456
Pt1Sb2Zr6,-10.409236086561835
Ho1Rh3Si2,-10.408940965833763
Pt5Pu1,-10.407443493366497
Al2C3Th2,-10.406851087070988
Dy1Ir1Si1,-10.404891037723214
Ge2Hf3,-10.404481664388829
Co1P1Zr4,-10.404293540919872
Pt2Si2Th1,-10.402493306996819
Hf4Ni1P1,-10.402157358532106
Al2Fe1Zr6,-10.40206844988568
B2Ru1Y1,-10.401880779809124
Hf2Ho2O7,-10.400712749485216
Er2Hf2O7,-10.400495744871373
Ru1Sb1Zr1,-10.400479307046623
Na1O6Os2,-10.40025577945154
Nb2O7Sn2,-10.39948039459512
Gd2Hf2O7,-10.398813912855195
N1Ni2Zr4,-10.397862565971602
Ir1P3,-10.397557670428748
Fe1Ga2Hf6,-10.397315131768863
N1Nb3Zn3,-10.396830230852794
Cr1O4V1,-10.396411046618462
C1Lu1Rh3,-10.39563863603731
Al2Ru1,-10.394732795923177
Al1Cu2Re2,-10.394487673450593
Er4Ge6Ir7,-10.394285084228953
Ge1Hf1Pt1,-10.393929018781016
Al1Pt1Zr1,-10.392998620650435
Hf3Ni2Si3,-10.39224188254681
Nb3S4,-10.391723586522989
C1Er1Rh3,-10.390837564119021
As2Hf3,-10.390560843034201
Ge1V1Zr1,-10.389444969373237
Co1Nb1,-10.38933117469448
Ru1Sb1V1,-10.389080871973162
Co1Mo1P2,-10.389048369722378
B1Pt1,-10.388791639072041
Hf1O1S1,-10.387937428133945
Ge6Ir7Y4,-10.387788097362764
Ge6Ho4Ir7,-10.38766475397787
P12Ru4Th1,-10.386542379356762
C1Rh3Y1,-10.386338151846607
Al2Co1Zr6,-10.385761353386027
C1Ho1Rh3,-10.384786737043797
C1Dy1Rh3,-10.383877735766509
Ge1Ru1,-10.382943716556062
Nb1Rh1Sb1,-10.38263364704633
As1B2P1,-10.379895646654857
Ru3Si2Y1,-10.379786153607556
Ge1O8Zr3,-10.379750731953008
Dy2O7Ti2,-10.379129446967637
Ge6Ir7Tb4,-10.379126228879406
Al3C3Er1,-10.378859163651159
Os2P2Sr1,-10.378685448659118
C1Rh3Tb1,-10.378408853733836
Ni1O1Zr3,-10.37820306529006
Mo1O6Rh2,-10.377987675876422
Al3C3Dy1,-10.37752490632097
As2Zr3,-10.377521693392143
Al3C3Ho1,-10.377467075181455
Ba1Os2P2,-10.37680225734756
Ce1O4Si1,-10.375788217950598
Ga1Hf1Pt1,-10.375557314765354
Pt2Si1,-10.375281583595084
Al1O3Y1,-10.374890560455635
Al3C3Tb1,-10.374829677167277
B1Rh3Sc1,-10.374826472886358
Co1Sb1Ta1,-10.3740897608946
C1Rh1,-10.373872054304595
Hf1Ni1Si1,-10.372435738957646
O7V2Y2,-10.371767867541204
Ir1Si3Th1,-10.371592186016219
C1Tl1Zr2,-10.369801995206744
Hf1Pd1Si1,-10.36958840752261
P2Rh3,-10.36625979142441
Al3C3Gd1,-10.364253976429382
Fe2Ge1Ti1,-10.363464814215599
O1Se1Th1,-10.36319556401243
Rh5Y1,-10.360573377049635
C1Pu1Rh3,-10.360282797815792
O6Rh2U1,-10.360232270914944
Pd1Si1Zr1,-10.35999546009253
N1Sn3Zr5,-10.359954418585355
Mo1Rh3,-10.359458896422693
P3Ru1,-10.359449430236698
Al4C4Th1,-10.358944696772564
Cu1Hf4P1,-10.358897391068906
Ca1P2Ru2,-10.35866089611224
Dy1Rh5,-10.357425725095155
Ga1Ir1Th1,-10.357280881525956
Hf1Ni1P1,-10.357073099130044
Co1Ge1Nb1,-10.356585295009912
Fe1Te2Zr6,-10.356563270761214
Rh5Tb1,-10.35652551603479
Ru1Si1Y1,-10.356478324631167
Lu3Os4Si13,-10.35623925574044
P1Sb1Zr2,-10.355883903678725
Al4C1O4,-10.355029060405544
Er3Os4Si13,-10.354714963416095
Li1Nb1O2,-10.354049403897728
Nb1Pd2,-10.353911324395096
Ru1Si3Th1,-10.353443878538931
Bi2Co1Hf6,-10.35332783523897
Nb6Sn6Tb1,-10.35315222774635
Li1O4Ti2,-10.351391586694048
Al16Os7Sc6,-10.350030938002188
Al16Ru7Zr6,-10.348600344936779
C2Co1Ho1,-10.346707488732266
Hf1Rh1Sn1,-10.345910256580272
La3O7Ta1,-10.344983028365931
Ru1Sb1Ti1,-10.344644089056143
Be1Hf1,-10.34440161582804
Ge1Ir1Sc1,-10.344311480516227
Dy1Ru1Si1,-10.34380190261591
As1Nb1Ni1,-10.343792583487
B1Sn3Zr5,-10.343000774783864
Ho1Ir1,-10.342228201409146
Ga1Hf1Rh1,-10.341632889472924
Ir1Sb1,-10.339988322906928
Ga0.4N0.2V0.6,-10.33819199392148
C3Sc4,-10.338188904913252
Rh1Sc1Si1,-10.337333616818936
Ce2N2Se1,-10.336735041656743
B2Ir6Sn5,-10.336065925651162
B2Ca1Rh3,-10.335893323206559
Nd1P12Ru4,-10.335880995600427
Co1Nb1Sb1,-10.33558825961076
Al3Ru2,-10.334412017107633
Ir1P1Se1,-10.334356626186192
P12Ru4Tb1,-10.33395359576117
Fe1Si1Ta1,-10.333796734704373
Ge2Ir2La1,-10.333187977810157
Ba1Ir2P2,-10.333120361025186
B1Er1Rh3,-10.332972849362278
As1Co1Nb1,-10.332892956296032
Ge6Ru7Sc4,-10.332515087135642
Nb1S2V0.333,-10.3323308125168
Er2O7Tc2,-10.331501996693614
S2Sn0.33Ta1,-10.331143056391962
Ca1Ir2,-10.328557587484495
Er2O7V2,-10.328392393794518
Ga1Ir1,-10.328144654415077
Pt3Sc2Si2,-10.326561795405153
In1N1Ti2,-10.326375561736315
Fe1Hf4P1,-10.326134425403074
Dy1O4P1,-10.325789609914086
Ce4Rh12Si1,-10.325634024156276
Ca1Ir2P2,-10.325597419260367
Al1Pt1Th1,-10.325493712664535
P1Sn3Zr5,-10.325390016822645
Co1Ga2Zr6,-10.324804642028875
Ge1Ho1Ir1,-10.324234840575548
Ba1O7U2,-10.32405817665991
Dy2O7Tc2,-10.32383586815265
Si1Sn3Zr5,-10.322795025645876
Rh1Sn1Zr1,-10.322405748996038
As1Pa1,-10.322037900192948
N0.2V0.6Zn0.4,-10.321594229632327
Fe1Sb2Zr6,-10.319712338930753
La1Os1Si3,-10.318487977627631
Pt8Sc4Si4,-10.318285072448765
Ge6Lu4Ru7,-10.317156217994981
Be22Tc1,-10.31499286601157
Ga1P1Pt5,-10.313849631256998
Pb0.33S2Ta1,-10.313707949128153
Be1Hf1Si1,-10.313412591366385
In1Pt5Si1,-10.313273984127852
Mn1Nb3S6,-10.312668556040087
Al1Rh1Th1,-10.312168826967131
Ge1Ru1Sc1,-10.31064409030527
Al1Ti3,-10.310602020090075
Rh1Sb1Th1,-10.310289553887964
Ni1Si1Th1,-10.30989910838469
Hf2Zn1,-10.309397759686176
Si1Ta2V3,-10.309265709639016
Ge1Ir1Tb1,-10.309064666916761
Al1Gd1O3,-10.30844079167157
Cu1Hf2,-10.307652506211483
P2Pt5,-10.30760157377335
In1P1Pt5,-10.30746077406071
Rh1Sn1Th1,-10.306574490733388
B1Ir1Mg1,-10.305153885137148
Ga2Os1,-10.302655529259331
Ir2S3,-10.302178656107492
As1Nb3Te3,-10.301996908078287
O4P1Pr1,-10.30102913484878
Rh1Si1Ti1,-10.299708519678576
Nb1S2Sn0.333,-10.298763744393497
As12Os4Th1,-10.298757805234246
Er1Ge1Ir1,-10.297081403674392
Er1Pt2Si1,-10.295736381681676
Al2Co1O4,-10.294789434332204
Al16Ir7Sc6,-10.294756898953674
S3Th2,-10.292688639778637
Ba1O3Th1,-10.292095543577869
Ho1Pt2Si1,-10.291980505947164
Dy1Ge1Ir1,-10.291647266487939
Ge1Ir1Y1,-10.291526384045966
Al2Fe3Si4,-10.291429099034708
Al4Zr5,-10.291299400406974
Co1Ge1V1,-10.290916298158194
In1Pt2Zr1,-10.289959184151758
Pt1Sn1Th1,-10.28988854127209
As3V5,-10.289650158389794
Au1Si1Th1,-10.289411832320356
Er2O7Ru2,-10.2883885586377
Al16Hf6Rh7,-10.287947815125657
Ho2O7Ru2,-10.287222480507582
Ir1Mn1Si1,-10.286576876170173
Ir1Si3Y1,-10.286007916149195
P1Pt5Zn1,-10.285834946091638
Ni2Si2Zr1,-10.285486165282185
Ir1Si3Tb1,-10.285286916566388
Rh1Si3Th1,-10.28492368284493
Ga1Ru1,-10.284077625669505
Pt1Sc1Si1,-10.283474990438648
Dy2O7Ru2,-10.283363864380643
Sn1Zr3,-10.283311230031455
Dy1Ir1Si3,-10.28273827970168
Ga1Sn3Zr5,-10.282264966382808
Hg2Nb2O7,-10.281149768042205
O7Ru2Tb2,-10.28086970420916
Ho1Ir1Si3,-10.279639519642961
Ba1Nb1O3,-10.278373020411898
Ca3Ir4Si4,-10.277410389884414
Al1Sn3Zr5,-10.276660703671423
C1Ti2Tl1,-10.276492246909228
Rh1Si1Y1,-10.276079938031778
Hf1Ni2Si2,-10.275508213424937
O2S1Sc2,-10.274623700320701
Ge2Pt2Th1,-10.274110751243558
As1Sb3Zr5,-10.27389347928049
Hf2Ni3Si4,-10.273586482058432
As4Pa3,-10.272671841671187
O4Sb1V1,-10.272532982112942
Cr2Ga1N1,-10.272113627594614
La1O4P1,-10.271882334840564
Al16Ru7Sc6,-10.271324561181052
P3Rh1,-10.27107900821621
Cr1Nb1P1,-10.270605405767729
Fe1Ru2Sn1,-10.268733407736272
Er1Pt1Si1,-10.268453918364413
C1Pb1Ti2,-10.267581377010927
Ge4La1Rh6,-10.267028873320708
Au1Hf1,-10.26677574444512
Al16Hf6Pt7,-10.265496698065562
Ru1Sb1,-10.264976924399493
O7P2Sn1,-10.264930990549969
Cu1Hf5Sn3,-10.26472431433336
Pt1Sn1Ti1,-10.263602692884888
Cu1Sn3Zr5,-10.26327590954793
La1Pt2Si2,-10.263112557915985
Ca1Pt5,-10.262138733660118
Ir1Sc2,-10.261311728017102
Os1Se2,-10.26102572609322
In1Pt1Th1,-10.260199640021815
As1In1Pt5,-10.259976799431909
Dy1Pt1Si1,-10.2588519270748
Pd2Si2Th1,-10.258714973213772
Cd1P1Pt5,-10.258318483426747
Al16Pt7Zr6,-10.25811031792016
Rh2Si3Y3,-10.257178381948242
B1La1Pt2,-10.257053050103535
Os4Sc11,-10.255453600747126
P4Ru1,-10.255422320310903
Hf2Ni2Sn1,-10.255405258667183
Mg1P1Pt5,-10.255052716521954
Pu1Ru1,-10.253592696379059
La1P2Rh2,-10.253391187902958
Ag1Sb3Zr5,-10.252299207608926
B6Ni20Ta3,-10.252154645073333
Ge1Pd1Zr1,-10.25181174695747
Hg1P1Pt5,-10.250379081955975
Ga1Ni2Ta1,-10.249988711098707
Sb1Zr1,-10.249889728218422
As1O4Sc1,-10.249443013121919
Pt3Zn1,-10.249199948242184
Ge6Rh7Sc4,-10.247471934801272
Ga1Pt1Th1,-10.246470940772998
C1Rh3Yb1,-10.245682130567713
Hf5Sb3Zn1,-10.245459685899908
Ho1In1Pt4,-10.244919267062166
Er1In1Pt4,-10.244246965980993
Al1Ti1Zr2,-10.244036085977962
Nb3Rh1Se6,-10.242791394370096
Bi2Ir2O7,-10.24254713344768
Cd1Hf2,-10.241884840880997
N2Sr1Ti1,-10.241873619362615
Ge3Ir2Tb3,-10.24163238716985
O3Sn1Ti1,-10.24160994992402
Dy1In1Pt4,-10.241539836775393
Be1Rh1,-10.240612001801775
Cd1O3Ti1,-10.240040592421837
Sb4Zr5,-10.239659834148343
Er1Ir1Sn1,-10.239044208429325
Cu1Pt7,-10.23897707218188
In1Pt4Tb1,-10.238789674009164
Ho1Ir1Sn1,-10.236881332471238
La1Ru1Si3,-10.235876935359816
Cu1Hf1Si1,-10.234645136973727
P1Pt5Tl1,-10.234539306552952
As1Pt5Zn1,-10.233323061038742
Co2Ge1Zn1,-10.233120033705838
Hf5P7Pd9,-10.2324055940727
Al1C1Dy3,-10.2315417207278
Pb1V3,-10.231133654332233
Hf1Pd1Sn1,-10.230684141297111
Be13Sc1,-10.230037973562213
C1Sc1,-10.2297192034025
Co1Si3Th1,-10.228627838922513
Ce1Co1Si3,-10.228600154809316
B2Ba1Rh2,-10.228583544709267
P1Pt1Y1,-10.22847835381538
Ca1Rh2Si2,-10.228077069145574
N1Rh1,-10.227565318934891
Ag1Pt5Si1,-10.226680747189587
Al1C1Ho3,-10.226528790190363
Hf1Ni2,-10.225976413853376
C1Zn3Zr3,-10.225948803044295
Dy1P1Pt1,-10.22552645269979
P1Pt1Tb1,-10.225485055403029
Ca1Ge2Ir2,-10.225275335433608
Ge3Ru2Tb3,-10.224762258866365
Ir1S2,-10.224682286773826
Cr1P4,-10.22384985381654
Al16Pt7Ti6,-10.223596402608674
S1Se1U1,-10.223309969878471
Ge2Ho1Rh2,-10.222789643410058
As2Th1,-10.222720837427763
O3Rh1Tb1,-10.22142266815893
N1Zn3Zr3,-10.221419919588529
B2Ca1,-10.220991235093749
Ba1C4O4,-10.220842887113069
Er1Ge2Rh2,-10.220024621625399
Bi1O4V1,-10.219807811126529
Er3Os1,-10.219656894858705
Er1Ga1Ir1,-10.21766419345938
Se3Th2,-10.217253538321788
Ge6Ho4Rh7,-10.217012699105432
In1Pd2Zr2,-10.21667616873039
B2Fe1,-10.216306936442164
P7Pd9Zr5,-10.216268653487372
Er4Ge6Rh7,-10.216085462491106
Pb1Pt5Si1,-10.215888637926767
P1Sb1Ti2,-10.215391281828683
Zn1Zr2,-10.215161816263903
Ir1Sb1Se1,-10.21478768178687
Dy4Ge6Rh7,-10.214211733742752
Ni2P2Th1,-10.213671572172206
Co1Ga1Hf1,-10.213385241201648
Pt1Y1,-10.212979064585566
Ga1O6Y3,-10.211867693071554
C1In1Pt3,-10.211576434765572
As2Hf1,-10.210382346312834
Ba1O3Pa1,-10.210279052602514
As1Pb3Zr5,-10.210268180201018
Ir1Sb1Te1,-10.209990973895245
Ge1Rh1Sc1,-10.209966518204201
Al1Mn1Rh2,-10.209768177473196
Ag1P1Pt5,-10.209224979654357
Ir1Si3U1,-10.207326107556014
Ga1Ir1Y1,-10.206483621277853
As3Ir1,-10.205639138649179
Ni1Sb1Zr1,-10.20548223007245
La1Rh1Si2,-10.205219869010737
As1Mg1Pt5,-10.205003540536739
Ga1Hf1Pd1,-10.204163007897696
Dy3Os1,-10.2037254538717
As1Cd1Pt5,-10.201384284106048
Al1Hf1Pd2,-10.20060869988801
Se2Th1,-10.200296481655696
As2Zr1,-10.200005883317058
La1Ni2Rh3,-10.199134594642205
Ca1Ge2Ru2,-10.198554156986678
Ge1Rh2,-10.198129790843653
Ho1In1Ir1,-10.195394537374478
Mn1P1Zr1,-10.192765564488809
Er1Pt1,-10.19207403384233
Er2O7Sn2,-10.190543154594803
Fe1Si1Tb1,-10.190513840061854
Er3Ga1O6,-10.189980998351189
Ge1Ni1Ti1,-10.189427143990072
Ge1Rh1Y1,-10.18760266084182
Ba1Mo3Te3,-10.187525605831148
Dy1In1Ir1,-10.186768656804071
Al16Rh7Sc6,-10.18672352356144
Au1Th1,-10.18472377750452
As1Pt5Tl1,-10.184543625487523
Al5W1,-10.184448264027784
Cd1O3V1,-10.183712167740694
B6Hf3Ni20,-10.183238493061657
Ga1Ho3O6,-10.182164955653132
In1Ir1Tb1,-10.18214645649022
Rh1Si3Tb1,-10.181736919828984
Pd1Sb1Zr1,-10.181303786152936
Ge1Ho1Rh1,-10.181200812457343
In1Pd2Th2,-10.181100489311126
C1Ga1Sc3,-10.178608842943051
Bi1Co1Zr1,-10.178579876174515
Ga1O6Tb3,-10.17831131518586
Ni3Sb4Zr3,-10.177358768762721
Gd2O7Sn2,-10.176864433882852
Fe1P1Zr1,-10.175816095954062
Al1Pd1Th1,-10.175713685769672
Co1Si2Y1,-10.174881663632407
Rh1Sb1Tb1,-10.17463507714882
Ga1Ho1O3,-10.174341351339747
C1Dy3In1,-10.173948103659429
P1Pt1Sc1,-10.173903545343725
Rh1Tb1,-10.172921145931175
Br1Mo1S1,-10.172847832148152
Hf1Ni2Sb1,-10.17162585472173
Cd1Zr2,-10.171275498609925
Ga1Gd3O6,-10.171191849632352
Mg4P6Rh7,-10.171165710761759
La1Rh1Si3,-10.170703165789307
Cu4Hf3Si2,-10.170097215970575
P3Ti4,-10.17008938281675
Co1O6Pt3,-10.168972481215006
Al1C1Gd3,-10.168685628457167
Al16Pd7Zr6,-10.168445778414434
Cu1Hf5Pb3,-10.167651034625347
Ru4Sn6Y1,-10.167434869370075
O4Rh2Zn1,-10.166716390639719
P1Rh1Se1,-10.165447298832127
Co1P3,-10.164413451946787
Al16Hf6Pd7,-10.164044850551273
C1Sc3Sn1,-10.16364525325699
Ge13Ho3Os4,-10.163455889531509
C1In1Sc3,-10.163085048041248
Al1Pt1Ti1,-10.16302541504344
Co1O4Rh2,-10.162867275182663
Al2Cd1O4,-10.162240146942894
Dy3Ge13Os4,-10.161675549760206
P2Rh2Sr1,-10.161222548619957
Gd2O2Se1,-10.159546934611996
Co1Er1Si2,-10.159412593374718
Cu1Sb2Ti5,-10.159001931130888
As1Er1Pt1,-10.158981273335023
Ir3Mg3Si8,-10.157492454039255
Sb1Y1Zr1,-10.15742284084366
Co1Si2Tb1,-10.156948568803674
Ba1P2Rh2,-10.156817152769955
Pt3Y7,-10.156211831332238
Mg1O6Pt3,-10.156188656092663
B6Hf2Ni21,-10.155079447878887
As2La1Rh2,-10.155058870953336
Ga2Ru1,-10.155012574418881
Ce2In1Pt2,-10.154950849040215
Ni2P2Zr1,-10.154228431042442
C2Mg1,-10.153650358474385
Pt1Se1Si1,-10.153046950355773
C1Ni1,-10.151200474035367
Ge3La1Os1,-10.15096478086579
Pt3Sb2,-10.150813659042102
C1In1Y3,-10.150634391579691
P2Sc3,-10.14939576363666
Ba1Os4Sb12,-10.14876680063781
Fe1Hf1P1,-10.148240412212335
Ge1Pt1Y1,-10.147933905846097
La1Pt3,-10.147676002446087
In3Rh2Ti3,-10.147287995926794
Pa1Sb2,-10.146239599991189
O6Pt3Zn1,-10.145482683535699
Pt1Sb1Sc1,-10.14445908204995
Al6Re1,-10.143792522211703
Sn6V6Y1,-10.143741658029233
Dy1In1Pt2,-10.143525514112143
As1Fe1Nb1,-10.1434365272529
O2Tb2Te1,-10.143291622743448
Ir1Sb3,-10.143205198471392
Ir1Te2,-10.143195031401007
La4N2S3,-10.14084920368795
Bi1Th1,-10.140727492736096
Cd1O6Pt3,-10.140304155437688
Be4Ca2N4,-10.140005138895791
Al1Lu3N1,-10.13988859734226
Al8Dy1Mn4,-10.139739140011418
Bi1Ir1S1,-10.139721409267954
In1Pt2Tb1,-10.139316220824462
Er1Ni1P1,-10.139288370149652
Bi4Ce3Pt3,-10.1389921882361
B4Fe1,-10.138574644827663
Al3Ni2Th1,-10.138496216729113
S4Zr3,-10.138185094879399
B6Ni21U2,-10.138078880315765
Ru9Sb8Zn7,-10.137899352776136
Ge1Pd1Ti1,-10.137201777076054
Bi2O7Rh2,-10.137199250512396
Be5Sc1,-10.136790031458297
Dy1Ni1P1,-10.136747098424982
Sb2Th1,-10.135848453399946
Fe2In1Ti1,-10.135760147052556
Rh2S3,-10.135454919460134
Ho3Ru1,-10.135296036182265
Al1Er3N1,-10.135253167241437
In1Pt2Y1,-10.135076667433868
Er1Pt1Sb1,-10.134713680043694
Al1Ni2V1,-10.134557434374782
Ir1Pb1,-10.133474466332345
In1N1Sc3,-10.133401471151254
Ho1Pt1Sb1,-10.133268079930966
Ir1P1Sr1,-10.132993802957316
Hg1Pt3,-10.132752300205274
Pd2Si3Y3,-10.13246810605097
Lu1Pt1Sb1,-10.130621555121108
Bi1O3Rh1,-10.130591435621993
In1Pt2Sc1,-10.13056884659298
Er1Pt1Sn1,-10.130360549595846
Ru2Sb2Sr1,-10.130082051526596
B2Li2Rh3,-10.129412468260721
Al1Ho3N1,-10.128570483231389
Dy1Pt1Sb1,-10.128387645667027
Al1N1Tb3,-10.127851848656174
Ta1Zn2,-10.127584057766722
Pt1Y2,-10.126973662516859
Pt5Se4,-10.126663604378473
Al1Dy3N1,-10.12638363447341
As6Ru7U4,-10.125644091107711
Bi1Dy2O2,-10.125244565539003
Br1O4Y3,-10.1251971324789
C1Sn1Y3,-10.125124738987793
Bi1Er2O2,-10.124540790079205
Ga2O6Te1,-10.124363676407937
Pt1Sb1Tb1,-10.123782664508278
Cu1Rh2Sn1,-10.123149671076254
Ho1Pt1Sn1,-10.121074072787966
In1Pd1Th1,-10.120557088089637
Ti2Zn1,-10.12001056804235
Ga1Mn1Ti2,-10.119983249878873
B6Ni20Sc3,-10.119742385646916
B2Mg1Ni3,-10.11921119955051
Ru2Tb5,-10.118159588678553
Gd1O1,-10.11774074050489
Dy1Rh1Sn1,-10.117678795608573
Ba1O3Pu1,-10.117626764860866
Bi1Ir1Se1,-10.117289869349785
Rh3S4,-10.1169976548821
O1Pt1,-10.116903570091827
Dy1Pt1Sn1,-10.115973102662819
C1Ga1Sc2,-10.115738148100712
Be5Co1,-10.11569363661427
Bi1O2Y2,-10.115372223580923
Cu1Ge1Zr1,-10.115154710300633
Pt1Sn1Y1,-10.115139881572443
As1Tb1,-10.114304884784863
In1La1O3,-10.113046296606406
Rh1Sn1Tb1,-10.112580280627679
Co1La1Si3,-10.111914920014657
Cu1Nb3Te4,-10.111821312196858
Li1Nb1S2,-10.111653825336795
Rh1Sn1Y1,-10.110789743394657
Al6Tc1,-10.110396107497854
Ir2La5,-10.110297722729705
Al16Pd7Ti6,-10.109432353898304
O1U1,-10.108636482561456
Pt1Y3,-10.107367837669491
Ni1O6Sb2,-10.107088314230612
Si2Th1,-10.105975898925305
Hf1In1Ni2,-10.105846116090984
As4O6,-10.105070219273253
Pa3Sb4,-10.104766877620161
Al1Li1O2,-10.103329702448072
Ga1Ho1Pt1,-10.103210031031447
Ho1Si1Ti1,-10.102714401956929
Mg5Pt10Si16,-10.102538671331999
Al3Os1U2,-10.10222145812058
O4Pd2Y1,-10.099964830454335
N1,-10.099811486646264
Ga2Mg1O4,-10.099736040387693
Er3In1N1,-10.099446476957288
Ba1Ru2Sb2,-10.098347386028188
La10O3Si8,-10.097895455841279
O3Pb1Tc1,-10.097023759097679
Cd1O4Rh2,-10.09500889791058
Ho3In1N1,-10.094299450487075
Be3P2,-10.09393402726363
Ni12P7Sc2,-10.093931607687322
Dy1Ga1Pt1,-10.092869978700666
Cu1S4Zr2,-10.092608976110908
La1Ru4Sb12,-10.091869838501049
Ni1Pd1Si1,-10.091206046632143
Ga1Ni2V1,-10.091039564342218
Er1Ni2P2,-10.090576455085985
Ni2P2Tb1,-10.090405255446292
Co2Ga1Ta1,-10.090212389554992
Dy1Ni2P2,-10.089612332423117
Ga1In1O3,-10.08959546854951
In1N1Tb3,-10.089364221258407
Ba1O3Pr1,-10.088976520284179
La4O4Se3,-10.088805594310356
Ga1Pt1Y1,-10.088321863654663
Dy3In1N1,-10.088309833536059
B6Ce2Ni21,-10.088256902733447
B2Pd5,-10.088054829072098
Ba1Ir1P1,-10.087655613069296
Al1Au2Hf1,-10.08759790827738
C1Dy3Sn1,-10.087434429447523
S3Sc1Y1,-10.08727578437228
C1O3Sr1,-10.085234874234619
C1Lu3Sn1,-10.085194098488026
Au1Ga1Zr1,-10.085043002864595
Er4In1Ir1,-10.085021419639077
Ho4In1Ir1,-10.084762457261506
Dy3Pt1,-10.08436215667117
Ba2O4Zr1,-10.08432860581646
Dy1S1,-10.082872625023413
Ge1Ni2O4,-10.082657281561723
In1Ir1Tb4,-10.082542450674001
Fe1Hf1Si1,-10.08223390798563
P1Sc3,-10.081225231369766
Ge13Ir4Y3,-10.0808144036656
C2Na1,-10.08054459125522
Rh1S1Sb1,-10.079768987647608
Pd2Si1Tb1,-10.079229999215656
Pd2Si1Y1,-10.078758026743388
Ir4Sn4Sr3,-10.0783887087266
Au1Ti1,-10.078191000945202
S7Tb5,-10.078064774253804
As3Rh1,-10.077560026759683
Bi1Er1Pt1,-10.077460059843888
C1Tl1Y3,-10.077107875105076
Ce2Pd21Si6,-10.076991300726327
La2O5Pd2,-10.076156644616807
Ca1S3Zr1,-10.076033051087245
C1Er5Ge3,-10.075009238448155
Mn2O7Y2,-10.074911900175026
Ga3Os1Tb1,-10.074646048784386
Er1P1Pd1,-10.074600956005987
In1Pt1Sc1,-10.073471926305954
Ge13Ru4Y3,-10.073102185333733
Ge2La1Rh1,-10.072749162901296
Bi1Er5Pt2,-10.072460203744372
K1P2Rh2,-10.072173695555026
Ge3Ir2S3,-10.071887269429112
Bi1Ho1Pt1,-10.071679011036492
Bi1Dy1Pt1,-10.071466064350439
Er3Ge13Ir4,-10.071205857744928
Al2Au2Th1,-10.071011929587607
Ca1Ge2Rh2,-10.07082276762184
B1Ni4Tb1,-10.070777846912794
Ca1Pt2,-10.069712163126232
Al2La5Ru3,-10.069041671800973
Ga1S8Ti4,-10.068881198309434
In1Pt1Y1,-10.06850843283358
C1Dy5Ge3,-10.068470692177927
Ga1Pt1,-10.067346202588263
Dy3Ge13Ru4,-10.06718128949709
O6Sb4,-10.066971653544462
As2Dy2Ni1,-10.066839770298625
Ga1Rh1Y1,-10.06653132562256
Er1Ga1Rh1,-10.066255924906896
Ge13Ir4Tb3,-10.065418419682349
Au2Th1,-10.065056345321485
As2Ho2Ni1,-10.064736700312748
C1Y1,-10.064417157444293
Ge13Ru4Tb3,-10.06420575138179
Nb1Se4,-10.063362920500252
Rh3Te2,-10.063315987016724
Al2Co1Y1,-10.06268729076655
O7Pt2Tl2,-10.060263007406837
Ir1Mn1Sb1,-10.059905133175926
Al4Ni3,-10.05972507497221
Bi1Ga1O3,-10.058946754772206
Gd3In1N1,-10.058752853322595
H1Si3Y5,-10.057426921357797
Rh1Zn1,-10.057275298231946
Al1Sc2Si2,-10.056867196354727
Cu1Ga1Pt2,-10.056780933282612
Bi2Th1,-10.055131709651022
Na1Nb1S2,-10.054622118743755
Be5Pt1,-10.053717594783702
Dy1In1Rh1,-10.053466612348831
Na1O4Pt3,-10.053271447329218
In1Rh1Tb1,-10.051730053409212
Ru4Sb12Sr1,-10.051034418950966
Co2O7Sb2,-10.050851315674413
C1Pb1Sc3,-10.049940932729513
Ge7Ir3,-10.04992935558696
In1Rh1Y1,-10.049906201703937
Pt1Sc1Zn1,-10.049077645635272
S2Y1,-10.048767692195199
Ge1Hf1Mn1,-10.048411595656903
Be13Ho1,-10.047824544508813
C1Tc1,-10.047602756620295
Er3Rh1,-10.047431828689101
As1Bi1O4,-10.047364851386298
P1Pu1,-10.047203200514879
Be5Fe1,-10.046704556769335
Be4N4Sr2,-10.046270754322624
Pt1Sn1U1,-10.045786410161266
Be13Pa1,-10.04497508288221
Cd1O6Sb2,-10.044671004777868
Dy1S2,-10.043862882995299
Ag1Hf1,-10.043839869147867
Hf1Pb1S3,-10.043674185079391
Er1S2,-10.043384303997623
Mg1O3Se1,-10.042517462912102
Cu1Ga1Zr1,-10.042276168746918
Ho1S2,-10.04189940669067
S3Sr1Zr1,-10.041809831723826
Rh1Sb1Se1,-10.04172026477994
Al1C1La3,-10.041150898505938
Au1La1O3,-10.040921407012181
Li3O4U1,-10.04038689605976
Bi1Ti2,-10.040233248359872
Ga1Pt1Ti1,-10.038521788149398
Mn1Si1Tb1,-10.037085233071931
In1La3N1,-10.036943519433814
Bi1In1O3,-10.036025153420997
Pt1S1Sb1,-10.033377582974385
Pb1Th1,-10.03302920050156
Ca3Cr1N3,-10.032974563281305
C1Pb1Y3,-10.032162186899306
Ge2Rh2Sr1,-10.032066656580868
Ho1Mn6Sn6,-10.031882445305934
Al2Ir1Li1,-10.031586868497012
Mn1Se3Th1,-10.031441385846698
B1S3Tb1,-10.031425474965815
Cd2O4Si1,-10.031400472664465
La4Rh3,-10.031250471982363
Ge1Li1Rh2,-10.031034601403888
Ca1Ge1N2,-10.030003610266746
Al1Si1Y1,-10.028749233678194
Dy2Mg1Si2,-10.02835713858218
As2Ni2U1,-10.027752299168988
La3Sb5Zr1,-10.027582466250204
Al3Er1Ni2,-10.02754850312736
Pt2Sc1Sn1,-10.027154615176597
La1O3Ti1,-10.02558965193461
N4Sn3,-10.025384036834053
Cd1Hf1,-10.024783250372977
Au2Si2Th1,-10.024643269292772
Ge7Ni16Sc6,-10.024611663373433
Pt1Sb1Se1,-10.024584573380475
Ga2Th1,-10.02427083443353
Er3P6Pd20,-10.022726147004455
B1In1Sc3,-10.022647285405395
In1Mn1Ti2,-10.021564131272065
Dy4In1Rh1,-10.02132108946768
As3La4,-10.020356256321323
Dy2Rh3Sn5,-10.020113507868214
Ir1Mg1Tb4,-10.019336210308342
Sb3Tb4,-10.019161064802399
Al16Ni7Sc6,-10.018795154607941
C1La3Pb1,-10.018321690468492
Co1Hf1Sn1,-10.01830823031056
Ca1P2Rh2,-10.0182947703338
Al1Cu2Hf1,-10.018057007279264
Co1Mo1P1,-10.017866389058948
Ho2Rh3Sn5,-10.017418018877022
Ru2Sc1,-10.017292511243303
K1Nb1S2,-10.017149093233341
In2Mg1O4,-10.016913842606321
Al7Th2,-10.01680183794681
As2O6Sr1,-10.015704855657168
F5U1,-10.014293981407919
Cr2Hg1O4,-10.01402366071881
Ho4In1Rh1,-10.01396558481806
Al1Au1O2,-10.01368195484384
Ni1P1Pd1,-10.013338133466819
Ho4Sb3,-10.013184121969221
Se3Tb2,-10.013072534254466
La1Ni1O2,-10.012916332369908
Er4In1Rh1,-10.012856089591493
Ga1Sn2V2,-10.010754328398429
Cl1O1Y1,-10.010638559055357
H2Hf2Pd1,-10.010482736870415
Er4Sb3,-10.009839670780448
Mn2O7Sb2,-10.009686197103662
Au1Si1Y1,-10.007944032512935
Sn3Tb5,-10.007928491134571
C1In1La3,-10.007670983452314
Pd1Sb1Sc1,-10.007506745946758
Cd1Pt2Zn1,-10.007122890502448
Er1Pt1Zn1,-10.006657136704787
Cd1Ru1Y4,-10.006300205643008
Pd1Sb1Tb1,-10.006227061590197
Ga1La1Pt1,-10.005225747836166
Ir1Sn2,-10.004417895914639
Bi2Ho6Rh1,-10.00422985966512
Dy1Pd1Sb1,-10.003884849809012
Al3La1Pd2,-10.003864949025473
Er1Pd1Sb1,-10.00350017149703
Ge1Pd1Sc1,-10.003259270215663
Cu1Si1Y1,-10.003135526982714
Al4Co1La1,-10.00297645103687
Rh1Sb1U1,-10.002795312025437
La1Pd1Sb1,-10.002360270651002
Al1Pd1Y1,-10.001382670416021
O7Pt2Sb2,-10.000525023248859
Ge3La4,-10.00036856545303
Pd1Tb1,-10.000168070825504
C1Dy3Pb1,-9.999905946182636
In1La2Rh2,-9.999265241605881
Al2Tb3,-9.997604844114607
Al2Ge1La2,-9.997442251419933
As2Rh2Sr1,-9.997374146120325
As1Pd1Tb1,-9.996956827845393
Mg6Ni16Si7,-9.996912909735094
As1Dy1Pd1,-9.996765798117734
Al1Y2,-9.996232425555338
Au2Hf1In1,-9.995776102066724
Ir2S3Sn3,-9.995346295407314
B1Sb1,-9.995298063332097
Bi4La3Pt3,-9.995201606160103
Ca1N1Ni1,-9.995120501648127
Mn2O3Ta1,-9.995015294785036
Dy1Ge1Ni1,-9.994853122553387
Be2Si1,-9.99455076349313
Pd1Y1,-9.99421783609451
Er1Ga3Ru1,-9.993788698523062
Ge2N3Na1,-9.993471342772265
C1Ge1Ni3,-9.991615188674887
Ga3Ru1Y1,-9.990938298761558
Ni2Sb1Ti1,-9.990085196943069
Ga3Ho1Ru1,-9.990056845441146
Ge1O6Se2,-9.989609870310595
Ho1Rh1Zn1,-9.988614161363145
Dy1Ga3Ru1,-9.987987177526625
Mg3Ni20P6,-9.98753895095147
Ge1Pd2Y1,-9.987467166331403
Sb3Y4,-9.98702786972084
Bi1Ni1Zr1,-9.986875683235576
Cu1Er1Si1,-9.986847422581036
Lu2Mn1S4,-9.986238925333096
Ge13Rh4Y3,-9.985639483057072
Ni1Sc2,-9.985615599686085
Dy1Rh1Zn1,-9.985437577984335
Ga3Ru1Tb1,-9.98533338486229
Au4Hf1,-9.985307338277973
Rh1Tb1Zn1,-9.985044739788467
Bi1Rh1S1,-9.98477353275278
Lu2Mg1S4,-9.984500230478764
P2S6Th1,-9.984441675422357
Er1Ni1Sb1,-9.984129439681837
Ni1Sb1Y1,-9.984112096110014
Ni5P3Sr1,-9.983914834148743
Dy1Se2,-9.983760953483978
Lu1Ni1Sb1,-9.983295121190343
Al1Au2Ti1,-9.983115346298348
Ge13Rh4Tb3,-9.982859818339383
Mg1O3V1,-9.982567557090386
Hf3In4,-9.981500987244162
Dy3Ge13Rh4,-9.981388555297803
Be1Pd1,-9.98128262137669
Al1Mn1Pt1,-9.981209122801232
La7Pt3,-9.98117021397757
Au1Sc1Si1,-9.98022605843506
Mg1S4Sc2,-9.98002740238576
In1La1Pt1,-9.977924501873833
Ge13Ho3Rh4,-9.977304182518717
Ge2Ho1Ni2,-9.97721159839898
Al1Er1Ni1,-9.977183609538546
Bi2O2Se1,-9.977078120105151
Au2In1Zr1,-9.976251812490966
Pd1Sn1Y1,-9.975647577018583
Bi1Pt1Te1,-9.97549496318395
Ni1Rh2S4,-9.975477768718848
Bi1Pt1Se1,-9.975428336278476
Er3Ge13Rh4,-9.974639896864216
Cr1N3Sr3,-9.97448099526048
Co1Dy1Ge2,-9.973326496126875
Au2Ho5Sb1,-9.972501138523338
Ca1N2,-9.972498995624102
F1Ho1S1,-9.972070508050113
Al16Pd7Sc6,-9.971828493718684
Dy1Ge2Ni2,-9.971612229584391
Co2Y3,-9.970719831918164
Cr1La1S3,-9.97000990683676
Co1Er1Ge2,-9.969911583463933
Au1O2Sc1,-9.969129615685597
Ni1Ta1Te5,-9.969033514304973
La3Ru4Sn13,-9.967957809337095
Ni12P7Yb2,-9.967755177036173
Ge4Y3,-9.967669870454932
O1.03Sc1,-9.967571776882115
H2Pd1Zr2,-9.966838512437096
Cd1La2Rh2,-9.965988683895823
Al1Er2,-9.965597026199639
Mn1P1Rh1,-9.965479984378335
La1Pd5,-9.963747240948859
Ga1O3Pr1,-9.963730247295986
Li1Pt2,-9.963600680188009
Al9Co2Sr1,-9.963411669763202
Pt1Si1Sr1,-9.96285546434348
Al1Ho2,-9.961722781227262
Cd2O7Sb2,-9.96138153095503
Ce1Pd1Sb2,-9.958725458790743
Ge13Lu3Rh4,-9.958490878482367
Ba1Be2N2,-9.958245790281081
Au1O2Y1,-9.956816601877907
In1P1Pd5,-9.956578250760273
Li1O2Rh1,-9.95656137849806
Er3Ge4,-9.955823495556057
Ca1In2O4,-9.954942965327314
O4Sn1Zn2,-9.954427225244668
Cd1In2O4,-9.954120012691147
As7Ho2Ni12,-9.953629930534735
Se3Sr1Zr1,-9.95139500640895
Ni1Sn1Tb1,-9.950944006492554
Cd1Rh1Tb4,-9.949707422742977
Al1Pd5,-9.949510548848448
Al1Au1Er1,-9.94934302712258
Ni2Sb2Tb1,-9.948955740583274
Dy1Li1O2,-9.947924406127191
La1Pd2Sb2,-9.947880498654865
Ho1Te2,-9.947370476926082
N2Ni1O6,-9.947249280508332
Si136,-9.94669363674106
Er3Pd8Sb4,-9.946215528953097
Ca2O4Sn1,-9.945969256946508
Co1Er1Ga1,-9.945823192039178
Cd1Dy2S4,-9.945633339549818
Lu1Te2,-9.944699206297019
Cd1Dy4Rh1,-9.94371389116125
Al1Au1Y1,-9.943668086169748
Er1Te2,-9.943389137429975
As1La1Te1,-9.943362079379005
As2Cs1Rh2,-9.943058246925698
Tb1Te2,-9.942927169647131
Ni1Sc1,-9.942870998929745
Dy1Te2,-9.942862677610316
Pd2Sc1Sn1,-9.942613070220641
F1La1S1,-9.941926970979623
Cd1S4Sc2,-9.941922814237179
Ir1La4Mg1,-9.941604874649256
Au2Bi1Dy5,-9.941571631902404
Er1Pd1Sn1,-9.941449058823247
Al1Au1Dy1,-9.941139576725561
As3Co1,-9.941077276475717
Ce1Ga1Ni1,-9.940211704692867
P3Pd1,-9.93940700086547
C1La3Tl1,-9.93928676570193
Bi1Pd1Y1,-9.939255672753704
Au4Zr1,-9.938934435552502
B1Sc3Tl1,-9.938919930501118
Bi1Dy1Pd1,-9.938439310658012
B1In1La3,-9.938402030841921
Ho5Ni2Sb1,-9.938203228624621
Te2Y1,-9.93788646925661
Ge1Mn1Rh1,-9.937720883382363
Ag1Al1O2,-9.937495316748713
Pd1Sc1Sn1,-9.937472555969672
Dy3Ni2,-9.936862346421334
Al9Ba1Co2,-9.93677756710082
Bi1Ho1Pd1,-9.93655634760159
Au2Bi1Tb5,-9.93586819241921
N1Ni3Zn1,-9.935188768107064
Ba2Hf1S4,-9.93296991769906
In1Lu2Pd2,-9.9327660140768
Au1Y1,-9.932751598222653
As1Ti3,-9.932702174014667
Dy4Mg1Rh1,-9.932300692852637
Ba3Cr1N3,-9.9321113320477
Br1La5Sb3,-9.932080461402903
Li1O3Sb1,-9.930844360946564
Sb2Tb1,-9.93048266384339
Al1K1O2,-9.930349115599917
Al2Pd1,-9.92927316223027
Au1S2V1,-9.92856538931581
Ge2Mg1Y2,-9.927460624058273
Ni1Tb1,-9.92711038754264
In1Pd2Sc1,-9.926502373406517
Ho1Pd3S4,-9.92566363424817
Cd1Ho4Rh1,-9.925657499724194
O1Pd1,-9.925538906323572
Er1Pd3S4,-9.924033175785452
Ba1Pt1Si1,-9.922472634113898
Au1Er2,-9.92213432808638
Ba1Pt1Si3,-9.922056900633827
Cu2Hf1In1,-9.921698367438164
H2Nb1,-9.92134607083744
Au1Y2,-9.920849400957994
Ge2Mg1Tb2,-9.920812771144984
Pd3S4Y1,-9.920780212437563
Mg1P1Pd5,-9.920645918973586
Ba1O6Te2,-9.920599123973318
Au2Ho1Si2,-9.919944223791678
Au2Si2Tb1,-9.918398165271881
Li1Si2Y2,-9.918193151777825
Ni1P4Si3,-9.917913102259993
Ag1O2Y1,-9.91776499183427
Au3Sb4Tb3,-9.91712613664101
Au3Dy3Sb4,-9.917010577868602
Au3Sb4Y3,-9.915533818327178
Au3Er3Sb4,-9.91511286538876
Al2Au2Dy1,-9.91508656171282
Au1Sc1,-9.914969215279715
Cu1Si1Ti1,-9.914896386488033
Au1Dy2,-9.914696134655514
Dy2Ge2Mg1,-9.91440493082898
Ca3Ge13Ir4,-9.91406530017405
Ba3O5Si1,-9.913962220830149
Au3Ho3Sb4,-9.913521726904065
Pb3Tb5,-9.913408603817947
Ca1Pd2Si2,-9.91261104531413
Cl1La5Sn3,-9.912259917463661
Ge2Ho2Mg1,-9.911576177439747
Ge2La1Pd1,-9.910651149940376
Au1Ho2,-9.910246341780683
Fe1Ga1Ni2,-9.909747102707271
Ni1Sc6Te2,-9.90944325256141
Ga1Pd2Sc1,-9.9087031300454
In1Sc3,-9.90778678098896
Ho1Pd2Sn1,-9.90719039962055
Al18Mg3W2,-9.905994692787349
Au2Ge2Th1,-9.90410574357684
In1Pd1Y1,-9.903531553504155
Ge13Ir4Yb3,-9.903331564702862
Cd1P1Pd5,-9.903163605012793
Br1La5Sn3,-9.902567975476744
As2Cu1Y1,-9.902356192765014
Al1Mg3Pt2,-9.90184889586762
Ga1Ni1Ti1,-9.901707138414384
I1La5Sn3,-9.900803158747243
Al2Li1Rh1,-9.900500019659923
Cu2In1Zr1,-9.90043023091044
La1Pd1,-9.900111258636393
Al1Ge1Y1,-9.900033524564613
Er2In1Ni2,-9.899561270479158
Er2Pb1Pd2,-9.899455691422757
Be13Sb1,-9.8990235311224
La4Mg1Ru1,-9.898718940461025
Al1Y3,-9.898507971255777
Er2Mg1Se4,-9.897050316072129
Mg1Pd2Tb2,-9.896853605900088
Pd2Sn1Tb1,-9.895652328231728
Al1O2Rb1,-9.895035373054483
Hg2O7Sb2,-9.89503338988957
La3Sn4,-9.894246383970193
C3Yb2,-9.892840434792367
Cd1N1Ni3,-9.89220543563649
Bi1O2,-9.892181705167157
Ho2Mg1Se4,-9.891958270862341
Ca1Rh2,-9.89160048450837
Au1Ge1Tb1,-9.891191460282307
As2Cu1Er1,-9.890861596441972
Bi3Tb4,-9.890265352367006
Co4Ge13Y3,-9.889391372160391
Pb1Pd2Y2,-9.888098572636192
Fe1O2Sr1,-9.888076908836696
Pb1Pd2Tb2,-9.887767758475905
O4Pd3Sr1,-9.887458703659522
Mg1Se4Y2,-9.886951037496177
Cr1K1O2,-9.886455426202616
Au1Dy1Ge1,-9.88638071247413
Ge3Ir1Sr1,-9.886235233336368
Al1Tb3,-9.886123189509423
Al1C1Er3,-9.88573801177265
Cd1La4Ru1,-9.885199797570055
Pd2Sb1,-9.885101614545034
As1Pd5Sb1,-9.885095723870071
Co4Ge13Tb3,-9.884630470165906
Dy2Ge2In1,-9.8834633811552
Au3La3Sb4,-9.882957738723771
Co4Dy3Ge13,-9.882777493943035
Co4Er3Ge13,-9.882499353797785
C1Ca1Pd3,-9.882148850704775
Bi1Nd1Pd1,-9.882017688401024
Dy5Ni1Pb3,-9.88199419846157
C1Ge1,-9.881888500561727
Ge2In1Tb2,-9.881763243441968
Al18Mg3Mo2,-9.881518645867352
P1Pd5Tl1,-9.878970565123053
Ba1P1Pt1,-9.87894714665056
Co4Ge13Lu3,-9.878910068524016
H2Ta1,-9.878473040541417
In1Sc2,-9.877821755107188
Se4Y2Zn1,-9.87781980578755
Al2Li1Pt1,-9.877073495652294
Mn1Sc2Se4,-9.8753044534219
Au1Ga1O2,-9.873752066874891
Au2Sc1,-9.873352217492437
N2Zn3,-9.873303702958928
Bi1Dy1Ni1,-9.873098027479184
Hg1P1Pd5,-9.872840022785171
C1Ni3Zn1,-9.872537485542662
Bi1Ho1Ni1,-9.870673859030301
Al1Mn1Pd2,-9.87055386909383
Mg1Sc2Se4,-9.870135952055888
H1In1O2,-9.869994751054092
Cd1Dy2Ge2,-9.869173086121473
Pd1S1Sb1,-9.869006901903953
Cu1Ge1Sc1,-9.86889677176673
Bi1Ni1Y1,-9.868564522746897
Ag1Si1Y1,-9.867711226016223
Cd1Ge2Tb2,-9.867676491800509
Pd1Sc1Zn1,-9.86711319410208
La4Pb3,-9.867055339021325
Cd1Er2Se4,-9.866611894568972
Al1Ge1Sc1,-9.866290038516794
Cu3Sb4Tb3,-9.866039563576466
Au1Er1Sn1,-9.865787225353301
Al20Pr1V2,-9.864840080577267
Cs1O2Y1,-9.864811218299396
Ca1Ir1Sn2,-9.864578426382572
Mg1Pt1Sb1,-9.864461089017317
Cu3Sb4Y3,-9.864162998620639
As1Pd1Se1,-9.864047632641169
Bi5La3Sc1,-9.86401110285545
Cu3Dy3Sb4,-9.863665097388957
Al1Dy1,-9.863494061129813
Cd1Dy2Se4,-9.86340951468302
In1La1Pd2,-9.862954239680414
Cu3Ho3Sb4,-9.862933113805731
Bi1Lu1Ni1,-9.86231681883245
Cd1Er2Ge2,-9.862172879401914
Bi1Ni1Sc1,-9.861116039140553
Al1La1,-9.861081533245793
Ir1Yb1,-9.860313127152331
Pd2Si2Sr1,-9.860236510541812
Er5Ni1Pb3,-9.860192458648676
Au2In1Th1,-9.859330963959634
Ag1P1Pd5,-9.858757046209249
Cd1Se4Y2,-9.858630828494999
Au2In1Ti1,-9.858426236650233
Al2S4Sr1,-9.857363797220167
Na1O4Pd3,-9.855373807562778
Al1Y1Zn1,-9.854661198545365
Al18Mg3Ta2,-9.85424606165849
Ag1Dy1Si1,-9.854118508331032
Ba1Ge3Ir1,-9.853104372176736
Co1Sn1Tb1,-9.853091060155315
Be1Pd3,-9.852381975766427
As1Cd1Pd5,-9.851460727248162
Ge12Pr1Pt4,-9.851455031443976
Cs3Hg20,-9.850693984122673
Sc1Te1,-9.85001693024827
O4Pd3Tl1,-9.849010730952989
Al18Mg3V2,-9.846714101673808
Ga3Zr1,-9.846370250652376
C1Pb1Pd3,-9.845724432678834
Ca2Ge2Ni3,-9.845337519402031
Ge6Ho2Ni1,-9.845177135839682
Bi1Sc1,-9.844726312797064
Hg11Rb1,-9.844364292493577
Cu1In1O2,-9.844271922883113
Ge3Ni1Y1,-9.842891166412434
Cd1Sc2Se4,-9.842797050536898
H1Ti1,-9.84262390046617
Cs2.67O16Te5.33,-9.842447017223703
Co1Dy1Sn1,-9.842381164434766
Au1Pd3,-9.841841335079206
Au2In1Tb2,-9.841551790639631
In1La1Pd1,-9.840989862478354
Cu2Zn1Zr1,-9.8408527172592
Co1Sb3,-9.840524021043853
Ho1Pd1Sb1,-9.840176659625829
Ge1Pt1Sr1,-9.839962669956584
Al20La1V2,-9.839161553979881
Al2Pb1S4,-9.839094041912073
Cu1Sn1Y1,-9.839090291375278
Al1Mg1Y1,-9.839024659258271
As1Ni1Se1,-9.83888028376173
F3Y1,-9.838540989658911
Cu1Sn1Tb1,-9.838158718777862
B1Mg8Pt4,-9.837641761248646
Mg2Pt1Si1,-9.836681603956155
Ge1La3,-9.836560012378373
Th3Tl5,-9.836522602559414
Cu1Dy1Sn1,-9.83632435388011
Pd1Sb1Te1,-9.835649480907273
Cu1Ho1Sn1,-9.835526146159795
Al1Au2Sc1,-9.835201063812079
La2Pb1Pd2,-9.834291768304027
Ca3Ir4Sn13,-9.834224584195283
Co2Cu1S4,-9.83399134107933
Cd1Mn2O4,-9.832904213180669
Au1Sn1Tb1,-9.832566940335854
O3Se1Sr1,-9.832509186781433
Er1Ga2Ni1,-9.832494283179791
Al1Dy1Zn1,-9.831781032991493
Ca5P8,-9.831280385768887
B1Pd3Yb1,-9.831133403145131
Er1Pb1Pd1,-9.831088754474353
Dy1Ge1Sn1,-9.830644236866274
As1Pt1Sr1,-9.830240808275564
Ge1Sn1Tb1,-9.829473441930121
As1Pd5Tl1,-9.829341581104387
Ge1Ho1Sn1,-9.829334152842824
Ge2Tb1,-9.828715943495228
Ge1Pd1,-9.828522947397232
Er1Ge1Sn1,-9.828222393039159
Cu1Er1Sn1,-9.827640094166162
Ge1Y1Zn1,-9.827141515290945
C1Er3Ga1,-9.826900655457234
Dy1Ga2Ni1,-9.82659688424648
Al1Cu1Ti2,-9.826457995228767
Au1Sn1Y1,-9.82640985153836
C1Ga1Ho3,-9.826332085857425
Ir1Sn4,-9.825534411101696
Ga3Pt2,-9.82553071107746
Cd1Co1Ho4,-9.82539936908585
Cd1Cu2Zr1,-9.825354975693799
Ba2Si46,-9.824763252041057
As1Hg1Pd5,-9.824253171470536
Pd3Te2,-9.824182963358883
C1Dy3Ga1,-9.824175573318072
Pd1Y1Zn1,-9.8241330816432
Al2I1La2,-9.823918803317003
Er1Ge3Ni1,-9.82326147706011
Au1Dy1Sn1,-9.823110131654538
Ho1In1,-9.821704821120786
B1Mg8Rh4,-9.820362216432155
Ir4Sn13Yb3,-9.818999356090936
Er1Mg1Pd1,-9.818422401549606
Al1Er1Zn1,-9.818341581000569
Ir4Sn13Sr3,-9.818145067372084
Al2Hg1S4,-9.817783362877037
Ca1Pd5,-9.816471675556622
Na1O3Sb1,-9.815513305920941
Au1Ho1Sn1,-9.81500792062715
Cu1Ni2Sb1,-9.814500960901288
Dy1Pb1Pd1,-9.813496951179186
Cu1Ti3,-9.813018161375208
Cu2In1Ti1,-9.81242821294662
Au1La1,-9.81190065920468
Au1In1O2,-9.81160140988032
Ni1Si3Sr1,-9.811513841650017
Al10V1,-9.807931948305386
Er1In1,-9.80778835749895
Ba1Pt1Sb1,-9.807232364846987
Ca1Pt1Sn1,-9.806246510773388
As1Mn1Pd2,-9.806094089728102
Ca3Ge13Rh4,-9.806085017779385
Ca2N2Zn1,-9.805404856074198
Er1Ga2Pd1,-9.805031417351875
K1O3Sb1,-9.804563909161967
Ga2Ho1Pd1,-9.804520431137385
Mg1Pd1Y1,-9.8040730796049
Bi1Pd1Se1,-9.80326943637922
Bi2Mg1O6,-9.802256752427262
Ni1Sb1Se1,-9.80185557926145
Cu3Pt1,-9.80124509296669
Dy1Pd1Tl1,-9.800432893323087
La1Pb1Pd1,-9.798122636887982
Ba1Ge1Pt1,-9.797784295620797
Ca2O4Pb1,-9.797428081204739
As1Ba1Pt1,-9.797257215282812
Ni1P1S1,-9.796414104784501
Cd1Dy2Te4,-9.794966835578675
Pd4Se1,-9.79483406466751
As7Mg6Ni16,-9.794799977682905
Cd3Nb1,-9.794333640911153
Ag1Ga1O2,-9.793758194184596
Ca3N1P1,-9.793394453239394
In1S3Sb1,-9.792558171831223
In1Ni4Zr1,-9.79209287908211
Mn1Pd2,-9.792033838174795
Bi1Pd1Te1,-9.791044973991502
Ni1Pd1Te1,-9.791027101178017
Bi5La3Mg1,-9.790208868479166
Cl4U1,-9.78855658014837
Li1Si1Y1,-9.788469224051886
In1Mn1Pd2,-9.788389005786856
Cu1Sc1Sn1,-9.787973756323787
Au1Pb1Y1,-9.786858960771516
Al20La1Ti2,-9.786661419009032
H1Se1Y1,-9.785951658527837
Ba1Pd1Si3,-9.785850305284136
Mg2Pt1,-9.785295711563137
Ca1P1,-9.784803589503383
Mn1O3Sr1,-9.784162595141185
Mg3Ni2Ti1,-9.784080946694502
Cu1Ni2Sn1,-9.783789906472109
Au1La2,-9.78326305522976
Au1Dy1Pb1,-9.783227587004852
Ca1Si3,-9.781767388661734
Bi3Ni1,-9.780967310735367
La1Sn2,-9.780751470159332
C1Sn1,-9.780339379447561
Er1Pd1Tl1,-9.779680033908063
Au1Ho1Pb1,-9.779056442158483
Ag1Dy1Ge1,-9.778860435571328
Fe1Te1,-9.77855325929563
Al1Cu2Sc1,-9.777321971015123
Au1Er1Pb1,-9.775970711116607
Ag1Er1Ge1,-9.773350915579757
Ba3S5Ti1,-9.772478588561551
Pd1Si1Sr1,-9.77207339968274
H1Ho1Se1,-9.771023479294348
Al1H4Th2,-9.770948151772878
In2Ir1Sr1,-9.770599616885649
Au1C2Li1,-9.768914702416778
O1Pd2,-9.768131825022918
O1Yb1,-9.767770300643592
Ca1In1Rh1,-9.767216915070739
Al2Se4Zn1,-9.76713838357477
Cu7Hf6Zn16,-9.766669068321521
Mg2Rh1,-9.765842632080066
Ho3Sn7,-9.765314698179763
In3Zr1,-9.763753436635078
Al9Ba1Ni2,-9.763101457158898
Pd2Sb2Sr1,-9.761115107446614
Al1C1Tb3,-9.761066539928214
Er3Sn7,-9.760690221617448
Al20Ti2Yb1,-9.75912577087871
B6H6K2,-9.758850556049296
H1Rh1,-9.758381653696107
Hg1La1Pd1,-9.758347057066853
Cu3Nb1Te4,-9.75493824543289
Ge1Li2O3,-9.754807236474102
La1Mg1Pd1,-9.75466590394946
Au1C2K1,-9.754064602259673
Cd1La1Pd1,-9.753005881009855
Cu1Ge6Y2,-9.75203765940926
As1Te1,-9.751293643078748
Cu1Hf1Hg2,-9.751219787137304
Dy2Tl1,-9.751147654041407
S1Se1,-9.750478095084047
Cu2Ge2La1,-9.750325361102584
Bi1Ni1Se1,-9.749416304434915
La3Sn7,-9.747227670070032
S2Sc1Tl1,-9.746729987873447
Ag1Dy1Se2,-9.745564568233238
Gd1Hg1,-9.74491068275599
Ga1Mg1Sm1,-9.744098616360764
Cu7Zn16Zr6,-9.743928097967386
In2Ir1Li1,-9.743916162768695
Cu2Ho2In1,-9.74380875239019
Ag1Ge1La1,-9.743745675481518
Ba1Co1O2,-9.74368260255129
Au1C2Rb1,-9.743462730740783
Cu1Dy2Ge6,-9.743445688433255
F6Pb1Zr1,-9.74182288781863
Pt1Sb1Yb1,-9.741055826840494
Al2Se4Sr1,-9.739537048230723
Mg1Ru1Sn4,-9.739131411745033
Dy1Ga1Zn1,-9.73910426203986
Ho2Ni1Sn6,-9.739027907445694
Cu2Dy2In1,-9.738045998070461
Er2Mg1,-9.737839224717048
Cu1Mn1P1,-9.736660416700822
Hg1Sc1,-9.736658724010452
Au2Be1,-9.736450544941851
Cu1Ge6Ho2,-9.73511449195042
Ca1In1Pt1,-9.7350553410031
Au1C2Cs1,-9.73453665258044
Ag1Sn1Tb1,-9.733878120172045
Cu1Hg2Zr1,-9.733481521464823
Ag1Dy1Sn1,-9.73280682134342
Er2Ni1Sn6,-9.732698911555897
Cs1S2Tb1,-9.732112355801116
La3Pb13Rh4,-9.731927021786571
Au2P3,-9.730312699590039
N2O1,-9.730196649627878
Sc1Zn1,-9.729606516931776
Mg1Ni2Sn1,-9.729546010187777
O3Pb1Sr1,-9.728071450273147
Sn1Y1Zn1,-9.728031173910164
Ag1Ho1Sn1,-9.727561402831034
Au1In1La1,-9.726198638270247
Co1O3Sr1,-9.725893820982403
O4Pb1Sr2,-9.724660427496575
C1Tb3Tl1,-9.724208954181012
Ba1Pd1Si1,-9.72399165081463
Cd1Co1La4,-9.723062793526232
Ag2La1Si2,-9.722758930455946
C1Dy3Tl1,-9.72193462439484
Co1Y1,-9.721429363753817
Cs1Gd1S2,-9.7207177628802
C1Ho3Tl1,-9.720313026290736
Ba1Pb6Rh3,-9.719540650664733
In1Mg1Y1,-9.718866973852743
N2Sr2Zn1,-9.717637229168883
Ga2S4Sr1,-9.716845343218838
La1Pd1Tl1,-9.716719230606746
Au2Bi1,-9.716548340209291
Au1Ho1Ni4,-9.716472029658492
Cu1Pd1,-9.715175640467391
Pb2Pt1,-9.715084525426304
S2Zn1,-9.714985136667092
As2Ba1Pd2,-9.7143906668744
Au1Ni4Tb1,-9.71305564043466
Au1Er1Ni4,-9.712492056688307
Be1Li1P1,-9.71201136090909
B1Bi1,-9.711487979190903
Dy1Tl1,-9.71121401472535
Au2Sn1U1,-9.710054622987464
Co2Fe1In1,-9.709761277478737
Pt1Sn1Sr1,-9.709466370714091
Co4Ge13Yb3,-9.70869080223377
Au1La1Pb1,-9.708481781593456
Ge1Mn1Pd2,-9.70749158478908
Er3F10K1,-9.706753687139305
Ga1La1Mg1,-9.706554925864902
Au4Ho1,-9.706344708995866
P1Sr1,-9.706316792891966
As1Pd1Sr1,-9.706183791569147
Tl1Y1,-9.70450227659585
Ca1Pd2,-9.703159097449715
H2Hf1,-9.70223956919124
Ti1Y1,-9.698033949796244
Ge8Na6Pt8,-9.697576430309088
As4Mg1,-9.696271777459335
Ba1Pd1S2,-9.695368302921032
H3Pd1Ti2,-9.695134442534616
Mg1Ni1Sb1,-9.694978565988526
C2Cs2Pt1,-9.69417196839883
Ca1Mn1O2.98,-9.693962716376717
Cd1Dy1Ga1,-9.693716212034074
As4Ge3,-9.693330360147772
Au1Ca1P1,-9.693166661265826
Au2Ho1In1,-9.693049981391514
Ca1O4Tl2,-9.692763201225986
Au2Dy1In1,-9.690609309675322
Mo1Zn6,-9.690546267808228
F10K1Tb3,-9.690202032334838
Ce1Ga1O3,-9.69008731350491
Au2Er1In1,-9.689142595578268
Ga1La1Zn1,-9.688168130045472
Ag1Ge1Tb1,-9.687331557429655
Dy1In1Zn1,-9.686909507064083
Au2In1Tb1,-9.686796775662632
Cd1Er1Ga1,-9.685631555732357
Ba2Ge4S10,-9.684793887295548
Ni4Sc1Sn1,-9.683354929520593
Pb2Y1,-9.683261854017037
Ho1In1Zn1,-9.682982679473374
Li1Mg8Si4,-9.6825063373866
Cu1La1Pb1,-9.682232182715156
Tb1Tl1,-9.682020605938444
Au2Ca1Si2,-9.68088654837401
Cu6O10Sr4,-9.680145620900594
Co1K1O2,-9.679912094507053
Ca1Ga2P2,-9.679801748267629
Mg1Pd1Sb1,-9.678406679042983
Ge1Li1Y1,-9.677691522156893
Cu1Er1Pb1,-9.67768992639651
Au2V1,-9.676591052352611
Ga12Ho4Ni1,-9.675818257865524
Cu2Sc1,-9.675195676617273
Cd1Ni4Sc1,-9.673923059659066
Au2Si2Yb1,-9.672010818832918
Er1In1Zn1,-9.671509540244783
Cd3N2,-9.671187648852598
Au1Cd1La1,-9.669389817961576
Cu1La1,-9.669067025998192
Sn2Y1Zn1,-9.66853401446256
Al3B6Ni20,-9.668285794490961
Cu3N1Pd0.25,-9.667865384031405
Bi1Ca3N1,-9.665743903250883
Cu1Mg1P1,-9.665486916318752
Mg1Se1,-9.663730768366776
Dy1Ge1Li1,-9.663623766679823
Ba1Ge2P2,-9.66336575088279
F6Na1P1,-9.66274615561278
As2Ca1Mg2,-9.662406641868643
Mn1Ni4Y1,-9.661916436538213
S3Sn1Sr1,-9.661390361664841
La1Tl1,-9.660249651774901
Ba2N2Zn1,-9.66005364974526
Co3Fe1,-9.6582381460397
Na6O9S2,-9.658233450994617
As4Sn3,-9.657280812983648
In1Pt1Sr1,-9.656660287642945
In2Rh1Yb1,-9.65593552655588
Cu2In1Y1,-9.655504667688273
Ag1Sc1,-9.653893714733547
Rh1Yb1,-9.653100887828115
Cu2Ho1In1,-9.653099330829914
Ca2H1N1,-9.65291406535096
Ag1Pd3Se1,-9.652733503460546
S4Sn1Sr2,-9.652416042646394
Ca1Mg1Si1,-9.652308688999263
Cu3Te4V1,-9.65198980772539
Dy4Ga12Pd1,-9.651672582880293
As1Ba1Pd1,-9.650931229059722
Cu2In1Sc1,-9.65049164983713
Ga12Ho4Pd1,-9.649879977748807
Cd2La1Pd1,-9.649748067084724
In2S6Zn3,-9.648107621843081
Cr3N1Pt1,-9.64808748187027
Au7I1P10,-9.647144455895043
Cu1In1La1,-9.645871465921749
Hg1In2S4,-9.645702989680752
Cr1Dy4Ga12,-9.64482242915484
Cu2Ga1Sc1,-9.642706078482309
Cd1Er1Ni4,-9.642510403514754
Al1Ca3Sb3,-9.640886393053554
Au2Si2Sr1,-9.639725803466813
Ba1Pt1Sn3,-9.639621339635015
Cu1Mg1Y1,-9.639232768535054
Ge3La2Li2,-9.639192844881359
Au1Cu4Dy1,-9.637350414316138
Ca3Ge1N1,-9.637089894685277
Cd1Cu1Dy1,-9.6370837656288
Ge1Ni2Zn3,-9.636881527836302
Al1F4Na1,-9.636636445939427
C2Na2Pd1,-9.636100538604882
Mg1Ni2Sb1,-9.63460916648816
Hg2Rh1,-9.633724572346868
Cd1Ho1Ni4,-9.633556603155075
S2Sr1,-9.63300403093265
Cu4In1Sc1,-9.632765999996659
Ca3Ga4Ni4,-9.632683617871704
Si1Sn1,-9.629958158444065
Ca1In2P2,-9.628503256712534
N1Sb1Sr3,-9.62804153621837
Ba6Si46,-9.627651366368084
Ga12Lu4Pd1,-9.62699585948
B4H16Hf1,-9.626475704999075
As4Ca3In2,-9.626039166078792
Mg1Tl1Y1,-9.625003149258394
Ba3Cr1S5,-9.62408465809161
Ni1Sb1Zn1,-9.623369515406802
Mg1Y1Zn1,-9.622703214853418
Au1Cu4Tb1,-9.621466976151746
As1Sr1,-9.621032617796264
In24S32,-9.61990537317184
Co1Ni1,-9.619649358327605
Ba1Pt1,-9.619426528172944
Mg1Se2,-9.618788424643078
Li1Pt1,-9.618134189424445
Nb1S4Tl3,-9.617035736539576
Ca3Co4Sn13,-9.61687655347872
Co1In2Se4,-9.616694875479201
Ho1Mg2,-9.61517817688015
Cd1S2,-9.61470158959571
Er1Mg2,-9.61279601307634
Er1H1,-9.612643484465714
Cd1Dy1Ni4,-9.612517890135235
Al1Ba1Si1,-9.612329528210696
Cl2O1Pd2,-9.61118666326032
Ba1In4Ir1,-9.611076180870203
Mg2Tb1,-9.610671680612809
H7Th1Zr2,-9.61048366609037
Pb1Se2,-9.610370277594408
Al2Au2Sr1,-9.608282349926746
Ag1Pb1Y1,-9.604668230136038
Ge3Pd1Sr1,-9.604055778970254
Se1Sr1,-9.603983140157823
Rb1Te2Y1,-9.603334072391924
As2Ge1Mg1,-9.602680984306227
Ag1La1Pb1,-9.60155500218966
Br3Ga1La3,-9.601322861324949
As2Mg3,-9.601177985422732
Cd1Ni4Tb1,-9.60061789750828
Au1Ca2N1,-9.600549939842924
As1Ca2,-9.599590161847093
As2Ca2Cd1,-9.599159299717783
La1Mg1Tl1,-9.598967537243047
Au1Ba1P1,-9.598677013405881
Ag1Pb1Tb1,-9.598495663142096
Li1N1Zn1,-9.598050536096668
Fe1Ga12Y4,-9.596176397257903
Ag1Dy1Pb1,-9.595826397769034
Ni2Sn1Yb1,-9.594912271217902
Al1Au2,-9.5938023345289
Er4Fe1Ga12,-9.593439963326256
As2Ba1Ge2,-9.593030803118197
Ag1Ho1Pb1,-9.59262327587933
F6Li1V2,-9.592315541636191
Al2Te4Zn1,-9.59096702447105
Cd1Ni4Y1,-9.59054132353927
F6Sn2,-9.590060250957489
Fe1Ga12Tb4,-9.589295982444316
Bi1Mg1Ni1,-9.588567329638488
Ca2I1N1,-9.587427957803598
Ba1Mg4Si3,-9.586275319029657
Al1Cr1Cu2,-9.58606271418263
Au4Cr1,-9.584795304410491
Au1Ca1Sb1,-9.58472986761623
Ba1Ga2Se4,-9.584603368621147
Ag2Al1Sc1,-9.584549575047431
Ca1Si2Zn2,-9.58094618718924
Al2Cd1Te4,-9.580175822444271
Bi1N1Sr3,-9.578999699766277
H1Pd3Tl1,-9.578571835999664
Ba1In2Rh1,-9.577237383685215
Cd1Cu4Er1,-9.574995645638024
Ca1Li1Si2,-9.573638630287478
Ag1C2Li1,-9.572552043915538
In2Pt1Sr1,-9.571938845189067
H2Sc1,-9.57189290632794
Ca5In2Sb6,-9.57173500758664
Ba1Ge3Pd1,-9.568748245141228
Au1Bi1Ca1,-9.567861388018711
Ca2Si1,-9.567108177369263
Ag1Mg1Y1,-9.565519292658811
Ni1Sb1Yb1,-9.56492179457506
As1Au1Ba1,-9.563742107283304
Ag1C2K1,-9.563241018971665
Ag1Dy1Mg1,-9.562896666351183
In2Se4Zn1,-9.562192677836231
As2Ba1Zn2,-9.560611577967899
Mg1Si1Sr1,-9.560437000554792
Co1In8Y2,-9.55992338038689
La3Tl5,-9.559791470825596
Au3Zn1,-9.559344809610694
Ba1Mg2Si2,-9.556957494375146
Cu4Mg1Y1,-9.556040050797536
Co1Ni2S4,-9.554993581687619
As2Cd1Sr2,-9.551264302700304
Ag1Ca1P1,-9.549972796736062
Au1Ba1Sb1,-9.549321352866361
Dy1Tl1Zn1,-9.5447353675572
Cd1Se2,-9.543967260442516
B1F5Li2,-9.543933756471594
Lu1Pb2,-9.543180213738673
As1Cu1Sr1,-9.542455116271935
Ag1La1,-9.54081025879543
Ba5Sb4,-9.540659974925616
Br1Na1O3,-9.540621016127323
Li1Pd2Sn1,-9.53862640716332
Ca1In4Rh1,-9.538073902554315
Cu1Te2,-9.537287318556325
Ag1Cu4Dy1,-9.536738325030642
C1Cr2Ga1,-9.536693975076233
Ag1Cu4Tb1,-9.536432073265743
Ba1Pd1Sn3,-9.535866931681353
Tb3Tl5,-9.535224609554113
Ba3Bi1N1,-9.534751437828225
H1Ni1,-9.534618657928695
Al2Hg1Te4,-9.534212129125923
Si1Sr1Zn1,-9.534209364189737
Pd1Sn3Sr1,-9.53282233051969
Hg2Pt1,-9.532710512222925
O1Sn1Yb3,-9.532622170805373
Au1O2Rb1,-9.532118497776489
Ag1Cu4Er1,-9.53178883282482
Ba1Te3,-9.531467548567536
As1Zn1,-9.531171176095473
Ag1Cu4U1,-9.529529623523562
Ca3O1Pb1,-9.526844504797129
Au1Cd1Sb1,-9.52650834243715
F2Mg1,-9.526375280805413
Ba1Ni1Sn3,-9.525379937994929
Li1Pd2Sn6,-9.524466356314786
In2Li1Rh1,-9.523247265282698
F2V1,-9.522500946608272
Ca1Li1N1,-9.52240257251337
Cu1Sb1Yb1,-9.518800827619128
Be1Cl2,-9.517857872262075
Cu1Sb1Sr1,-9.51754239168191
Ca1Ge1Mg1,-9.515711307299048
Ca3N1Tl1,-9.515676022585332
Ag1In5Se8,-9.515222860414719
Mn1N3Sr3,-9.51497737027751
Ba1Si1Zn1,-9.512617773266903
Hg2Y1,-9.512057814370026
Ag1P1Sr1,-9.511265751179828
H1N1Sr1,-9.511002319720129
As2Ba2Cd1,-9.510871305296876
Er1Tl1Zn1,-9.510258331843465
Ge1Li1Ni2,-9.508653420200673
Ba2Bi3,-9.507787299149559
Ho3Tl5,-9.507777874275567
Br4Ti1,-9.50466579603623
As1Ba1Cu1,-9.504275286093728
Ga2Pt1,-9.504244427548626
Cu1Mg1Sb1,-9.501822990696676
Bi1Ca2,-9.501051025954652
Cr1Ni1Sb1,-9.50094671594521
La1Tl1Zn1,-9.499556954519916
Ba1Cu2Sb2,-9.499419419743763
I1La1,-9.498965555684274
Ag1La1Mg1,-9.49777980720009
Er1Hg2,-9.497374654289308
Ba1Cu1Sb1,-9.496039079264301
Ba1Hg1S2,-9.495304807218115
Ag2Dy1In1,-9.494362483596475
Cl1Na1O3,-9.492345256863675
Ag2In1Y1,-9.491793882256943
In2Sr1Te4,-9.49117130053623
Au2Ca1Ge2,-9.488864506643198
Ag2Ho1In1,-9.488246386185127
Ag2Er1In1,-9.485784303566112
C1Mg3Zn1,-9.482343339857715
Ac1H2,-9.480829756008845
Au1Mn1Sn1,-9.480660702166103
Ba3Ge5,-9.480618770752786
Be2V1,-9.478615974022937
Sn4Sr1,-9.476190505030095
Ge1Mn1Yb1,-9.47110920981384
Cl1O4Tl1,-9.469968981761463
Ag1Ba1P1,-9.469917125165683
Al7Cu16Yb6,-9.468631941137538
H2Tb1,-9.46789163752749
Cd1Sb2Sn1,-9.467848944420416
Y6Zn23,-9.467261775720589
H2Ho1,-9.46710404905282
Mg3Tb1,-9.46681839440734
Ag2In1Sc1,-9.465614630044778
Cu4Mn1Sn1,-9.465480394233559
Na2Ni1O2,-9.465470069148248
Al1Li2Rh1,-9.464830121973657
Ag1As1Sr1,-9.464097781908228
Mn3N1Zn1,-9.462902435373062
Ag1Al1Te2,-9.462740246283397
Ca1Sn1Sr1,-9.462548485188819
As1Sr2,-9.461831958805881
Ag1As1S1,-9.461792095395921
Ba1Si2Zn2,-9.460973318233007
Bi3Sr4,-9.459444245334948
Ag2Si2Sr1,-9.45783681234334
C1K4O4,-9.457529464026917
Mn3N1Pd1,-9.456702653828739
Ag2Si2Yb1,-9.456486464855708
Cd1Cu1F4,-9.45622940152783
Ag8Ca19N7,-9.456179531222581
Al1Li2Pt1,-9.45559406084178
Ca1Sn3,-9.45528101320551
As1Be1Na1,-9.45434118151432
Ca2H6Ru1,-9.451912694758825
Ca3Cl3P1,-9.451865585635625
In2Te4Zn1,-9.448714319185436
O1Pb1Yb3,-9.44829938220993
In1Pd1Sr1,-9.44704166553496
Ba3Sn5,-9.445941193892745
K8Sn46,-9.444352775855501
Ba1Ca1Sn1,-9.443567087965581
Ba4Bi3,-9.443200981353773
Ca1Cu1F4,-9.443089913435626
Bi1Cu1Mg1,-9.442731551097188
Al5Ba5Sn1,-9.442616750890421
Ca1F4Pd1,-9.442335483013709
Mn2Te4Zn1,-9.441952177961243
Ag1Ca1Sb1,-9.441421593404685
Au2S1,-9.44112554626174
Ag2In1La1,-9.44075151839923
Cu9Ga4,-9.438779168387324
Cs1Cu1O2,-9.438058118990583
Br1In5Se5,-9.437384018785233
Ca5H1Sn3,-9.436616324139456
Ni1Tl1,-9.436381868279712
F4Pb1Pd1,-9.43511775727053
Fe1H6Mg2,-9.434270482547037
Hg11K1,-9.432525632597622
Ca1In2Pd1,-9.43212235065126
Au1Mg1Sn1,-9.431504633377651
Ba1Cu2Se2,-9.428298640137491
Li1P1Sr1,-9.424909538617156
Cd1La1Tl1,-9.423338066999113
As1Rb3Se16,-9.423178457485305
O1Pb1Sr3,-9.423143816924421
Ag1As1Ba1,-9.419640191469743
Sb1Sr2,-9.418690142879269
Bi1Cu1Sr1,-9.417768066850389
Al2Ba1,-9.417754531345837
Au1Ca1,-9.41517874013368
H6Os1Sr2,-9.414941894135852
Cd3Ho1,-9.413377420600389
Pd1Sr1,-9.41223136725694
Ga2Hg1Te4,-9.40917553084459
Ba1Ca1Ge1,-9.408114710377358
As1Ca3Cl3,-9.407400814473503
Cd3Er1,-9.407380111787816
F6Rb2Si1,-9.405663281259903
Ba1Cu2Te2,-9.405589126096876
Bi1F4K1,-9.40550889883488
H2.25La1,-9.405381277818078
Ca1Ga1Ge1,-9.405152816105687
Ag1In5Te8,-9.40387293794439
Ag1Cr2Te4,-9.40237292826534
Ba3O1Pb1,-9.40047718851063
Li1P1Zn1,-9.397832070951663
K2O3Pb2,-9.397687334998036
Cu2S1,-9.396494062022445
Ca1F6Pb1,-9.39160928299615
Li1Pd2Tl1,-9.390730994224743
F4Pd1Sr1,-9.389822364152419
Si1Sr2,-9.389406034949644
Eu1F4Mg1,-9.388964771685902
Bi1F4Rb1,-9.388858371473958
Ti1Zn2,-9.384535438321025
Li1Pb1Pd2,-9.382535375821233
Cs2F6Si1,-9.382375020902002
H9.975La3.99,-9.381348171369863
Ba1Li1P1,-9.380592656341342
Ca1Cd1Ge1,-9.379940786696924
B3H12Y1,-9.37863713753843
Cd3Sc1,-9.378454927831116
Cl2F12Pb7,-9.378133183976665
Ag1Bi1Ca1,-9.377799720565863
In2Pd1Yb1,-9.377260738307315
Al3Li1,-9.374722212085501
Au1Ca1Ga1,-9.374631459053315
As1Br3Ca3,-9.374627923387582
Cl2H6N2,-9.37417428333081
Bi1Ga1,-9.373909264256719
Au2Ca2Pb1,-9.372275942249278
Ga1Sn1Sr1,-9.369262249218552
Cu1F4Sr1,-9.368432643011262
C1Tl1,-9.366998860395077
Cd1Ge1Sr1,-9.366872551991891
P1Tl1,-9.364865455216986
Ir1Li2Mg1,-9.363914717915726
Ge1Mn1Ni2,-9.36337384278058
Ca1Sn1Zn1,-9.36210672989275
Be1Na1Sb1,-9.361256289293511
As1Li1Mg1,-9.36029503407832
Ba2Sn1,-9.359301043228053
Ca2Pb1,-9.358543440626873
Au2Ga2Sr1,-9.357252314792245
Ca1Ge2Li1,-9.356778701910384
Au1K1Se2,-9.35614332456573
In8Ir1Yb2,-9.354839115300422
Cu6Ga5Mg2,-9.354789431744225
Au3Ca5,-9.354785965541721
Na1P1Sr1,-9.351905088372366
Ba1F4Pd1,-9.351308491490604
H2Mg1Ni1,-9.348553564284112
Au1Ca1In1,-9.346420151840043
Cu2Se1,-9.343791767800534
Ca1Pb1Sr1,-9.341655935649644
Ca3N1Sb1,-9.341146339092015
Pd1Se2Tl2,-9.335473982032955
Ca1In4Pd1,-9.333135321315604
Li1Sb1Sr1,-9.327811706216501
Au1Mg1Yb1,-9.327658765595398
Li2Mg8Si4,-9.325724287823343
Cd2Ge2Sr1,-9.325562689072688
Al4In3Sr11,-9.325122913620326
Ba1Ca1Pb1,-9.324817876923841
Au1Ca3,-9.323929091089045
Ga1In1Te2,-9.323260500753772
Ag1Au1Zn2,-9.322944839592136
Ag1Cd1Sb1,-9.322625921538505
Ba2F6Pd1,-9.322174015415428
In4Pd1Sr1,-9.321571418865757
Dy1Hg3,-9.321413842193483
Hg3Y1,-9.320723479759314
Ba1Pd1,-9.31949028054517
Al1F5K2,-9.317927809830092
Ba1Li1Sb1,-9.31651455190235
H6Ru1Sr2,-9.31574644422725
Ba2Ge1,-9.314634789452011
Cl6Rb2Zr1,-9.313002309850344
Au1Ca1Cd1,-9.312966850743555
Al2Mg1,-9.309866827793261
Ag2Ba1Te2,-9.309092769419763
Cs3O3Sb1,-9.307567387737286
Ag1F3Zn1,-9.307389963680654
Cl1F1Yb1,-9.306716920149208
Cl6Cs2Zr1,-9.306512122826271
Sn1Te5Tl2,-9.305958499191444
Ba1Cd1Ge1,-9.305427176730571
Er1Hg3,-9.304455466179865
Ba1Na1P1,-9.301762918429318
Ag2Ca1Ge2,-9.29962852066278
Cd2Pd1Sr1,-9.29947217730402
Pb1Sr2,-9.296249084396626
As1Ba1Li1,-9.29621639372556
Li1Mg1P1,-9.29403833529783
Ca1Mg2,-9.292360951015027
Ag1Au1F4,-9.291823783632154
Ca1Cd1Pb1,-9.290532507480167
Ba1Ge1Zn1,-9.29027683529385
Au2Ga1,-9.290043970487064
As1Na1Sr1,-9.289275360064325
Ba1Cd2Ge2,-9.287389897026896
Ge3Pu1,-9.287277573396478
Au3Li1,-9.285402337498445
Cd1Cu4Yb1,-9.284821490663491
Au1In1Yb1,-9.28131234344732
In2Li1Pd1,-9.280323018843506
F3Na1Zn1,-9.27808081379498
Ba1Hg1Sn1,-9.273179005408544
Au3Ge1Na1,-9.272958604714933
Be2Cs1F5,-9.272235988664509
Ga5Pd1,-9.271399087997874
As1K1Mg1,-9.266964693174884
F3Pd1Rb1,-9.265766404901902
Ca3Ga5,-9.265351093758673
Ag2Ba1Sn2,-9.264246550658957
As1Tl1,-9.264203280786337
As2K2Ni1,-9.263988014615217
Ba1Sn1Zn1,-9.262858626847889
K1P1Zn1,-9.262762724562759
Au2In2Sr1,-9.262365513045566
Ag2Sn2Sr1,-9.260558455136866
H3Mg1Ni1,-9.260469081598
Na2Pd1Se2,-9.260356587439428
Au3K1Sn3,-9.25991409304616
Au1Cd1Yb1,-9.257837722189821
K10Pb48,-9.257565112061505
F3Na1Ni1,-9.256766582487105
Hg1Sn1Yb1,-9.255548011058792
Ca7Ge1,-9.250920729026456
Au1Ca1In2,-9.250433465542626
Ba1Li1Si1,-9.250209695431655
Br1H4N1,-9.250084822255811
Cl4Hg3O1,-9.248639509910385
Ga1Li1Si1,-9.248420296076803
Bi1O3Rb3,-9.24788233501927
Zn22Zr1,-9.247713113680991
F6Ge1Rb2,-9.242591906369055
Bi1Cs3O3,-9.242306900465646
Au1Ba1,-9.240400689955724
H3Pd1Yb1,-9.237136194763346
Cl6K2Ti1,-9.23615573962019
Ba1Pb1Zn1,-9.234324710451894
Ca1Cl2,-9.232663693554503
F3K1V1,-9.232547126872605
Bi1Li1Sr1,-9.231455740540266
Pb1Sr1Zn1,-9.231347484373387
Hg1Sn1Sr1,-9.229657757021428
Na3Sb1Se4,-9.22873756735464
Au3Sr7,-9.228611272964285
As1Na3S3,-9.228548131749957
F3Mg1Na1,-9.227314622902508
F6K3W1,-9.224601581328452
Cl6K2Tc1,-9.223955640516555
Cd11Th1,-9.223741770920446
Cs2F6Ge1,-9.222146794301892
Cl6Pt1Tl2,-9.218622574928656
Au1Zn3,-9.216395668334592
Cl6Rb2Ti1,-9.214760124709782
Li2Pd1Sb1,-9.212939747427228
F3Rb1V1,-9.211470009776779
As1Ca1Rb1,-9.209590653085636
Al1Li2Pd1,-9.209500724578739
Ca3Hg1,-9.207334892956354
Cl6Cs2Ti1,-9.203781925678935
Mn3Sb1,-9.203424342934452
Ba1Bi1Na1,-9.2020647099251
Ba1In2,-9.198135159538808
F3Mg1Rb1,-9.19407339951231
Ca1Pb1Zn1,-9.19399469344108
Pd1Sr1Tl2,-9.192696936803587
H3Ni1Yb1,-9.192166521397318
F6K2Ni1,-9.18790396123366
Au1O1Rb1,-9.186809409449818
Au1F4K1,-9.185969762442744
Cs2Te5,-9.183776340850631
Hg1Pb1Sr1,-9.18303653744981
In1Rb1Te2,-9.182764116206078
Cs2Hf1I6,-9.182647386959434
Sb1Tl1,-9.178308901145519
Ca3H2Pb1,-9.177466681702423
Br1Eu1I1,-9.175426999031965
Na3Sb1Se3,-9.172823031816234
As1Cd1K1,-9.172312677879525
Cs1F3Mg1,-9.169361589748723
F3Mn1Rb1,-9.168689920721954
Ca3Hg2,-9.164468748320125
As1Na3Se3,-9.163972186048655
Na1O2,-9.16293211458119
Au1Li1Sb1,-9.162217096794453
K3S3Sb1,-9.161769279420232
K2Mg5Sn3,-9.15644895563237
Bi1Li1Mg1,-9.156107901203411
Cd1Sb1Tl1,-9.155019200388221
Ba1F3Li1,-9.154243632624313
As1K3S3,-9.147637910364782
F6Mn1Rb2,-9.14126217079658
Au4In2K1,-9.139192490858985
Cd1O2Rb2,-9.13909936277894
Fe1H6Sr2,-9.138847960277557
F6Ni1Rb2,-9.13758259664237
Se3Sn1Tl4,-9.132231841309912
Ag2Ca1,-9.131991405565206
Bi1K3Se3,-9.131704807710879
Ga1Mn1,-9.129092237275664
Ca1Hg1,-9.128410215885369
In9K1Ni2,-9.128069379543389
Bi1Rb3Se3,-9.12601760606433
F6Pd1Rb2,-9.125971650393163
K1Mn1Te2,-9.125034615397082
Na3Sb1Te3,-9.123484007001212
As1K1Zn1,-9.122201297742839
H6Na2Pt1,-9.118810054130591
Cu1Na1Se1,-9.116112595941336
Cu1K1S1,-9.115866905756333
As4Na8Ti1,-9.111826239406328
Ag8Ca3,-9.110386445617657
Cd1Na1Sb1,-9.10424312777039
Ca3N1Sn1,-9.10297586564966
Cd1F3K1,-9.102715422085858
Li9N1S3,-9.10211396690531
Ga1Ge1Li1,-9.09969385188912
F5Mn1Rb2,-9.096261967779526
As1K3Se3,-9.095789219900539
K3Sb1Se3,-9.094639502524123
Au1Ge4Rb3,-9.0941675208612
Hg1Sr3,-9.091846477928394
Sr1Zn13,-9.091322543435746
Ba1In4,-9.090408535535607
Br6K2Pt1,-9.090302103492366
Cd1F3Rb1,-9.087928067936137
Ge1In1Li1,-9.087698050684713
Ca1Cd2,-9.087114398241123
Bi1Li1Zn1,-9.08532135705518
Ag3Na1S2,-9.08163937696045
Cd11La1,-9.077629315735562
Ag1Cu4Nd1,-9.076850230202464
F3Rb1Yb1,-9.074603912299954
F4K2Zn1,-9.074490419290564
Rb3Sb1Se3,-9.068719289308607
Au1K1Te1,-9.067036882203823
Ca7Cl2H12,-9.066283318982757
K3Sb1Te3,-9.065590888089984
Cs1Cu1F4,-9.065305399968244
Cu1Ga2,-9.063749625138026
Cu1K1Se1,-9.060576442742404
Ba2Cd1,-9.058323395447083
Ag2Sr1,-9.058151615462466
Au1Li2Sb1,-9.057619284958518
Cs1F3Yb1,-9.057361807379102
Cl5Cs1Pb2,-9.056272552724623
Br6Cs2Pt1,-9.054328567972588
As1Cd1Li1,-9.051398331927084
Cu1Mn3N1,-9.050682030060507
Hg1Mg2,-9.04831506428961
Au1Rb1Te1,-9.047736946048332
F3Pb1Rb1,-9.04222761713287
Cl6Te1Tl2,-9.040741067596057
Br9Rb3Sb2,-9.038187003097855
Tl1Yb1,-9.038128075330654
Bi1K3Te3,-9.031683856582177
In1Li1Sn1,-9.025081466751315
Ag1Se1Tl1,-9.024632887244707
Cu1K1Te1,-9.02352061394246
Na1S1,-9.019645634969137
Mg2Zn11,-9.019414273986309
Cu1Li2Sb1,-9.018852620065983
In14K3Mg20,-9.01820050624489
Yb3Zn11,-9.018035481573326
F4K2Mg1,-9.013516155648066
F4Ni1Rb2,-9.013023476035857
Ag2Ba1,-9.012514628646263
Eu1Hg1,-9.011530497677425
F3Hg1Rb1,-9.010129782346487
Cs1F3Sr1,-9.010129782346487
Br5Cs1Sn2,-9.00906622226554
Rb1Sb1,-9.009000809346466
I6Pt1Rb2,-9.00726892426363
Br5Pb2Rb1,-9.006004583000447
Ag1Te1Tl1,-9.005768206247408
As1Hg1K1,-9.000565788400927
Ag1Ba1,-8.995180606433081
Cs3Ni1O2,-8.994664635509494
Cs2I6Pt1,-8.991196809963254
Ba1Br1H1,-8.986636977403458
F4Mg1Rb2,-8.985693950538025
Ca3N1Pb1,-8.98432893697449
Au6In5Na2,-8.983172927390394
Ag2In1Mg1,-8.982798507438199
Ba1Tl2,-8.979649374425115
Br4K2Pt1,-8.977167285024795
Cl6Pd1Rb2,-8.975624044309356
Cd1Sr1,-8.973783187040553
Cl6Rb2Se1,-8.973601655147665
Ag2Ge1Li1,-8.97239491143423
Cd1Hg2Ti1,-8.971040047107243
Cd2Yb1,-8.97102430366242
Cl2Hg2,-8.968838372946196
Cd1Mg1,-8.966461295317975
Br1Cu1,-8.963370925025666
Cd1Cl3Cs1,-8.963347490363455
Br1,-8.96308974531874
